Rain Fall (mm),Fertilizer,Temperature,Nitrogen (N),Phosphorus (P),Potassium (K),Yeild (Q/acre),Crop Type,NPK_Total,Rain_Fertilizer,Temp_NPK,Rainfall_Category,Yield_Category,Crop_Type_Encoded
1.098130085934995,0.4378065897700446,-0.27369685124548837,0.6485899419877789,0.5175327682562947,0.7492517598190023,12.0,Corn,124,98400,3472,Very High,High,1
-1.3793585225768843,-0.9831446226415038,1.1098485220334138,-0.5271337960738994,-0.4306840781225016,0.26162797606709115,8.0,Sorghum,108,28800,3888,Low,Low,3
1.1641964488286451,0.08256878666715749,-0.10075367958562559,0.4134451943754432,0.04342434506689656,0.5054398679430467,11.0,Soybean,119,93750,3451,Very High,High,4
-1.4784580669173595,-0.6279068195386167,0.9369053503735509,-0.5271337960738994,-0.6677382897172006,0.26162797606709115,9.0,Sorghum,107,29250,3745,Low,Medium,3
0.9990305415945199,0.4378065897700446,-0.4466400229053511,0.5310175681816109,0.04342434506689656,0.5054398679430467,11.0,Wheat,120,96000,3240,High,High,5
-1.313292159683234,-0.2726690164357296,0.7639621787136882,-0.056844300849228147,0.04342434506689656,-0.22599580768481992,10.0,Barley,112,35000,3808,Low,Medium,0
1.2467794024457077,-0.2016214558151522,-0.27369685124548837,0.29587282056927533,-0.1936298665278025,0.7492517598190023,11.0,Corn,118,90525,3304,Very High,High,1
-1.561041020534422,-0.6279068195386167,1.2827916936932764,-0.879850917492403,-0.9047925013118997,-0.46980769956077545,7.0,Corn,100,27625,3700,Low,Low,1
0.9990305415945199,0.22466390790831234,-0.4466400229053511,0.4134451943754432,0.2804785566615956,0.7492517598190023,12.0,Sorghum,121,92400,3267,High,High,3
-1.6436239741514849,-1.6936202288472781,1.628678037013002,-1.7028575341355776,-0.9047925013118997,-0.46980769956077545,6.0,Barley,93,20000,3627,Low,Low,0
1.2632959931691203,0.4378065897700446,-0.6195831945652139,0.6485899419877789,0.5175327682562947,0.7492517598190023,12.0,Barley,124,102400,3224,Very High,High,0
-1.5940742019812473,-1.338382425744391,1.4557348653531392,-1.1149956651047386,-0.6677382897172006,0.017816084191135624,8.0,Wheat,101,22825,3838,Low,Low,5
1.0816134952115826,0.3667590291494672,-0.10075367958562559,0.5310175681816109,0.2804785566615956,0.7492517598190023,11.0,Sorghum,122,96775,3538,Very High,High,3
-1.561041020534422,-1.6936202288472781,1.2827916936932764,-1.1149956651047386,-0.9047925013118997,0.5054398679430467,9.0,Sorghum,102,21250,3774,Low,Medium,3
1.1641964488286451,-0.2726690164357296,-0.9654695378849394,-0.5271337960738994,0.04342434506689656,0.26162797606709115,11.0,Rice,110,87500,2640,Very High,High,2
-1.6436239741514849,-0.9831446226415038,1.628678037013002,-1.7028575341355776,-0.9047925013118997,-0.46980769956077545,5.5,Sorghum,93,24000,3627,Low,Low,3
1.3293623560627705,0.4378065897700446,-0.27369685124548837,0.6485899419877789,0.5175327682562947,0.7492517598190023,12.0,Corn,124,104000,3472,Very High,High,1
-1.6105907927046597,-1.338382425744391,1.1098485220334138,-1.1149956651047386,-0.1936298665278025,-0.22599580768481992,7.0,Wheat,102,22550,3672,Low,Low,5
0.8338646343603946,0.22466390790831234,-0.27369685124548837,0.17830044676310752,0.2804785566615956,0.7492517598190023,11.0,Barley,119,88550,3332,High,High,0
0.9990305415945199,0.29571146852888974,-0.4466400229053511,0.4134451943754432,0.2804785566615956,0.5054398679430467,12.0,Sorghum,120,93600,3240,High,High,3
-1.6105907927046597,-1.6936202288472781,1.2827916936932764,-1.8204299079417456,-0.6677382897172006,-0.46980769956077545,6.0,Wheat,93,20500,3441,Low,Low,5
1.2632959931691203,0.1536163472877349,-0.6195831945652139,0.06072807295693968,0.5175327682562947,0.5054398679430467,11.0,Sorghum,118,97280,3068,Very High,High,3
-1.561041020534422,-1.338382425744391,1.4557348653531392,-1.1149956651047386,-0.6677382897172006,0.017816084191135624,7.0,Barley,101,23375,3838,Low,Low,0
1.0816134952115826,-0.05952633457399735,-0.10075367958562559,-0.17441667465539598,0.2804785566615956,0.7492517598190023,10.0,Soybean,116,89425,3364,Very High,Medium,4
-1.4784580669173595,-1.6936202288472781,1.2827916936932764,-1.1149956651047386,-0.9047925013118997,0.5054398679430467,9.0,Barley,102,22500,3774,Low,Medium,0
1.1641964488286451,-0.2726690164357296,-0.9654695378849394,-0.5271337960738994,0.04342434506689656,0.26162797606709115,10.0,Barley,110,87500,2640,Very High,Medium,0
-1.6436239741514849,-0.9831446226415038,1.628678037013002,-1.7028575341355776,-0.9047925013118997,-0.46980769956077545,6.0,Barley,93,24000,3627,Low,Low,0
1.1641964488286451,0.4378065897700446,-0.27369685124548837,0.6485899419877789,0.5175327682562947,0.7492517598190023,12.0,Sorghum,124,100000,3472,Very High,High,3
-1.6271073834280723,-1.338382425744391,1.1098485220334138,-1.7028575341355776,-0.1936298665278025,-0.22599580768481992,7.0,Rice,97,22275,3492,Low,Low,2
0.9990305415945199,-0.13057389519457477,-0.10075367958562559,-0.17441667465539598,-0.1936298665278025,0.5054398679430467,10.0,Barley,113,86400,3277,High,Medium,0
0.8338646343603946,0.4378065897700446,-0.6195831945652139,0.06072807295693968,-0.1936298665278025,0.7492517598190023,11.0,Corn,116,92000,3016,High,High,1
-1.395875113300297,-1.338382425744391,1.628678037013002,-1.5852851603294098,-0.9047925013118997,-0.22599580768481992,6.0,Corn,95,26125,3705,Low,Low,1
1.2467794024457077,0.1536163472877349,-0.6195831945652139,0.06072807295693968,0.5175327682562947,0.5054398679430467,11.0,Wheat,118,96900,3068,Very High,High,5
-1.4784580669173595,-1.338382425744391,1.4557348653531392,-1.1149956651047386,-0.6677382897172006,0.017816084191135624,7.0,Rice,101,24750,3838,Low,Low,2
0.9990305415945199,-0.05952633457399735,-0.10075367958562559,-0.17441667465539598,0.2804785566615956,0.7492517598190023,10.0,Wheat,116,87600,3364,High,Medium,5
-1.313292159683234,-1.6936202288472781,1.2827916936932764,-1.1149956651047386,-0.9047925013118997,0.5054398679430467,9.0,Corn,102,25000,3774,Low,Medium,1
1.3293623560627705,-0.2726690164357296,-0.9654695378849394,-0.5271337960738994,0.04342434506689656,0.26162797606709115,10.0,Corn,110,91000,2640,Very High,Medium,1
-1.561041020534422,-0.9831446226415038,1.628678037013002,-1.7028575341355776,-0.9047925013118997,-0.46980769956077545,6.0,Soybean,93,25500,3627,Low,Low,4
1.1641964488286451,0.08256878666715749,-0.6195831945652139,0.06072807295693968,0.04342434506689656,0.5054398679430467,12.0,Barley,116,93750,3016,Very High,High,0
-1.5114912483641845,-1.1252397438826587,1.2827916936932764,-0.9974232912985708,0.04342434506689656,0.26162797606709115,8.0,Corn,106,25520,3922,Low,Low,1
1.2467794024457077,0.29571146852888974,-0.27369685124548837,0.29587282056927533,0.2804785566615956,0.9930636516949578,11.0,Sorghum,121,99450,3388,Very High,High,3
-1.6271073834280723,-1.338382425744391,1.1098485220334138,-1.7028575341355776,-0.1936298665278025,-0.22599580768481992,7.0,Sorghum,97,22275,3492,Low,Low,3
0.9164475879774572,0.29571146852888974,-0.27369685124548837,0.06072807295693968,0.2804785566615956,1.2368755435709133,11.0,Wheat,120,91650,3360,High,High,5
-1.6105907927046597,-0.9831446226415038,1.628678037013002,-1.1149956651047386,-0.9047925013118997,-0.46980769956077545,6.0,Wheat,98,24600,3822,Low,Low,5
1.1641964488286451,0.4378065897700446,-0.6195831945652139,0.4134451943754432,0.2804785566615956,0.5054398679430467,11.0,Barley,120,100000,3120,Very High,High,0
-1.4454248854705345,-1.338382425744391,1.4557348653531392,-1.5852851603294098,-0.4306840781225016,0.26162797606709115,7.0,Barley,99,25300,3762,Low,Low,0
1.2467794024457077,0.1536163472877349,-0.6195831945652139,0.06072807295693968,0.5175327682562947,0.5054398679430467,11.0,Soybean,118,96900,3068,Very High,High,4
-1.494974657640772,-0.9831446226415038,1.4557348653531392,-0.7622785436862352,0.04342434506689656,0.26162797606709115,8.0,Rice,108,26700,4104,Low,Low,2
1.06509690448817,0.22466390790831234,-0.10075367958562559,0.06072807295693968,0.04342434506689656,0.5054398679430467,10.0,Wheat,116,93940,3364,Very High,Medium,5
-1.4784580669173595,-1.6936202288472781,1.2827916936932764,-1.7028575341355776,-0.9047925013118997,-0.46980769956077545,6.0,Barley,93,22500,3441,Low,Low,0
1.0816134952115826,0.3667590291494672,-0.9654695378849394,0.5310175681816109,0.04342434506689656,0.5054398679430467,11.0,Wheat,120,96775,2880,Very High,High,5
-1.5445244298110097,-0.6279068195386167,1.628678037013002,-1.1149956651047386,-0.6677382897172006,-0.22599580768481992,6.0,Barley,100,27950,3900,Low,Low,0
1.2467794024457077,0.22466390790831234,-0.4466400229053511,0.4134451943754432,-0.1936298665278025,0.7492517598190023,11.0,Corn,119,98175,3213,Very High,High,1
-1.6436239741514849,-1.5515251076061232,1.4557348653531392,-1.2325680389109064,-0.6677382897172006,-0.46980769956077545,6.5,Wheat,98,20800,3724,Low,Low,5
1.1476798581052325,0.29571146852888974,-0.4466400229053511,0.4134451943754432,0.04342434506689656,0.5054398679430467,10.0,Corn,119,97110,3213,Very High,Medium,1
-1.4619414761939469,-1.1252397438826587,1.2827916936932764,-1.5852851603294098,-0.1936298665278025,0.26162797606709115,7.5,Wheat,100,26390,3700,Low,Low,5
1.2632959931691203,-0.05952633457399735,-0.27369685124548837,0.06072807295693968,0.5175327682562947,0.5054398679430467,11.0,Rice,118,93440,3304,Very High,High,2
-1.395875113300297,-0.841049501400349,1.2827916936932764,-0.7622785436862352,0.04342434506689656,0.26162797606709115,9.0,Soybean,108,29450,3996,Low,Medium,4
1.3293623560627705,0.3667590291494672,-0.27369685124548837,0.29587282056927533,0.2804785566615956,0.5054398679430467,10.0,Sorghum,119,102700,3332,Very High,Medium,3
-1.561041020534422,-1.338382425744391,1.1098485220334138,-1.1149956651047386,-0.6677382897172006,-0.46980769956077545,7.0,Sorghum,99,23375,3564,Low,Low,3
0.9164475879774572,0.22466390790831234,-0.7925263662250767,0.06072807295693968,0.04342434506689656,0.5054398679430467,11.0,Sorghum,116,90475,2900,High,High,3
-1.561041020534422,-0.2726690164357296,1.628678037013002,-0.5271337960738994,-0.4306840781225016,-0.22599580768481992,6.5,Corn,106,29750,4134,Low,Low,1
0.9990305415945199,0.08256878666715749,-0.4466400229053511,0.5310175681816109,-0.1936298665278025,0.7492517598190023,11.0,Barley,120,90000,3240,High,High,0
-1.4784580669173595,-1.2673348651238134,1.8016212086728647,-0.879850917492403,-0.9047925013118997,-0.46980769956077545,7.0,Sorghum,100,25200,4000,Low,Low,3
0.9990305415945199,0.08256878666715749,-0.4466400229053511,0.17830044676310752,-0.1936298665278025,0.5054398679430467,11.0,Rice,116,90000,3132,High,High,2
-1.6105907927046597,-1.338382425744391,1.4557348653531392,-0.7622785436862352,-0.4306840781225016,-0.22599580768481992,7.0,Sorghum,104,22550,3952,Low,Low,3
1.1641964488286451,0.08256878666715749,-0.4466400229053511,0.06072807295693968,0.2804785566615956,0.7492517598190023,11.0,Wheat,118,93750,3186,Very High,High,5
-1.395875113300297,-0.9831446226415038,1.2827916936932764,-1.3501404127170742,-0.4306840781225016,0.26162797606709115,7.0,Corn,101,28500,3737,Low,Low,1
1.0816134952115826,0.08256878666715749,-0.10075367958562559,0.29587282056927533,0.2804785566615956,0.5054398679430467,10.0,Wheat,119,91875,3451,Very High,Medium,5
-1.4619414761939469,-0.9831446226415038,1.4557348653531392,-1.1149956651047386,-0.4306840781225016,-0.22599580768481992,8.5,Wheat,101,27300,3838,Low,Medium,5
1.1476798581052325,0.22466390790831234,-0.4466400229053511,0.06072807295693968,0.04342434506689656,0.7492517598190023,9.5,Wheat,117,95865,3159,Very High,Medium,5
-1.4784580669173595,-1.0541921832620813,1.8016212086728647,-0.879850917492403,-0.9047925013118997,-0.22599580768481992,7.5,Soybean,101,26550,4040,Low,Low,4
0.9990305415945199,0.3667590291494672,-0.4466400229053511,0.29587282056927533,0.2804785566615956,0.7492517598190023,10.5,Soybean,120,94800,3240,High,High,4
-1.395875113300297,-0.13057389519457477,1.1098485220334138,-0.4095614222677316,-0.1936298665278025,0.017816084191135624,7.0,Barley,109,34200,3924,Low,Low,0
1.2467794024457077,0.22466390790831234,-0.27369685124548837,0.17830044676310752,0.04342434506689656,0.5054398679430467,10.0,Corn,117,98175,3276,Very High,Medium,1
-1.395875113300297,-1.1252397438826587,1.628678037013002,-0.7622785436862352,-0.6677382897172006,-0.22599580768481992,7.5,Rice,103,27550,4017,Low,Low,2
1.3293623560627705,0.4378065897700446,-0.27369685124548837,0.6485899419877789,0.5175327682562947,0.7492517598190023,12.0,Rice,124,104000,3472,Very High,High,2
-1.6436239741514849,-1.6936202288472781,1.8016212086728647,-1.7028575341355776,-0.9047925013118997,-0.46980769956077545,6.0,Rice,93,20000,3720,Low,Low,2
0.9164475879774572,-0.2726690164357296,-0.27369685124548837,-0.5271337960738994,0.04342434506689656,0.5054398679430467,10.0,Wheat,111,82250,3108,High,Medium,5
-1.494974657640772,-0.6279068195386167,1.628678037013002,-1.1149956651047386,-0.1936298665278025,0.5054398679430467,7.5,Soybean,105,28925,4095,Low,Low,4
0.9990305415945199,0.22466390790831234,-0.10075367958562559,0.17830044676310752,0.04342434506689656,0.5054398679430467,9.5,Corn,117,92400,3393,High,Medium,1
-1.4784580669173595,-0.6279068195386167,1.4557348653531392,-1.7028575341355776,-0.4306840781225016,-0.22599580768481992,8.0,Wheat,96,29250,3648,Low,Low,5
1.0816134952115826,0.08256878666715749,-0.27369685124548837,0.5310175681816109,-0.1936298665278025,0.5054398679430467,9.5,Soybean,119,91875,3332,Very High,Medium,4
-1.4784580669173595,-0.6279068195386167,1.628678037013002,-0.5271337960738994,-0.4306840781225016,0.5054398679430467,8.5,Soybean,109,29250,4251,Low,Medium,4
1.3293623560627705,0.1536163472877349,-0.27369685124548837,0.29587282056927533,0.04342434506689656,0.7492517598190023,9.0,Sorghum,119,98800,3332,Very High,Medium,3
-1.4784580669173595,-0.2726690164357296,1.1098485220334138,-0.2919890484615638,0.7545869798509938,0.26162797606709115,8.0,Sorghum,115,31500,4140,Low,Low,3
1.1641964488286451,0.22466390790831234,-0.27369685124548837,0.17830044676310752,0.04342434506689656,0.5054398679430467,10.0,Corn,117,96250,3276,Very High,Medium,1
-1.395875113300297,-0.9831446226415038,1.628678037013002,-0.5271337960738994,-0.4306840781225016,0.017816084191135624,8.0,Corn,107,28500,4173,Low,Low,1
0.9990305415945199,0.08256878666715749,-0.27369685124548837,0.29587282056927533,0.2804785566615956,0.5054398679430467,11.0,Corn,119,90000,3332,High,High,1
-1.6105907927046597,-1.5515251076061232,1.8016212086728647,-1.467712786523242,-0.6677382897172006,-0.22599580768481992,6.5,Wheat,97,21320,3880,Low,Low,5
1.0816134952115826,0.08256878666715749,-0.27369685124548837,0.06072807295693968,0.2804785566615956,0.7492517598190023,11.0,Barley,118,91875,3304,Very High,High,0
-1.4454248854705345,-0.9831446226415038,1.628678037013002,-1.7028575341355776,-0.4306840781225016,-0.22599580768481992,7.0,Corn,96,27600,3744,Low,Low,1
0.8338646343603946,0.29571146852888974,-0.10075367958562559,0.29587282056927533,-0.1936298665278025,0.26162797606709115,9.0,Sorghum,116,89700,3364,High,Medium,3
-1.395875113300297,-0.6279068195386167,1.4557348653531392,-1.7028575341355776,-0.4306840781225016,-0.22599580768481992,8.0,Barley,96,30875,3648,Low,Low,0
1.1641964488286451,0.22466390790831234,-0.27369685124548837,0.4134451943754432,0.2804785566615956,0.7492517598190023,9.0,Wheat,121,96250,3388,Very High,Medium,5
-1.561041020534422,-0.9831446226415038,1.628678037013002,-1.1149956651047386,-0.6677382897172006,0.017816084191135624,6.5,Barley,101,25500,3939,Low,Low,0
1.06509690448817,0.3667590291494672,-0.27369685124548837,0.29587282056927533,0.2804785566615956,0.9930636516949578,10.5,Rice,121,96380,3388,Very High,High,2
-1.3793585225768843,-0.6279068195386167,1.1098485220334138,-0.7622785436862352,-0.1936298665278025,-0.22599580768481992,7.0,Barley,105,31200,3780,Low,Low,0
-1.3066855233938692,1.7166626809404382,-1.6572422245243905,-1.7028575341355776,-0.9047925013118997,1.4806874354468689,10.2,Barley,101,49196,2020,Low,High,0
-0.20668058121459476,0.011521226046580067,0.9369053503735509,-0.2919890484615638,0.9916411914456928,0.26162797606709115,10.4,Sorghum,116,61790,4060,Medium,High,3
1.1972296302754701,0.5799017110111995,0.4180758353939627,0.6485899419877789,0.04342434506689656,-1.4450552670645975,8.6,Barley,113,103320,3616,Very High,Medium,0
-0.7517280750872082,0.9351395141140866,-0.10075367958562559,1.236451811018618,-1.3789009245012978,-0.713619591436731,8.5,Sorghum,115,58290,3335,Medium,Medium,3
-1.293472250815139,-1.338382425744391,0.24513266373409992,0.29587282056927533,0.2804785566615956,-0.46980769956077545,13.3,Wheat,115,27830,3565,Low,Very High,5
-1.4090883858790269,1.361424877837551,-1.4842990528645277,-0.2919890484615638,1.2286954030403918,-0.22599580768481992,12.9,Soybean,115,43803,2415,Low,Very High,4
0.6686987271262693,1.4324724384581284,-1.3113558812046648,0.6485899419877789,1.465749614635091,-0.713619591436731,8.1,Corn,122,103400,2684,High,Medium,1
-1.5775576112578347,0.508854150390622,-0.10075367958562559,0.6485899419877789,-0.4306840781225016,0.26162797606709115,14.1,Rice,118,34020,3422,Low,Very High,2
0.38461336668357377,1.4324724384581284,-1.4842990528645277,0.29587282056927533,0.2804785566615956,-1.688867158940553,14.5,Rice,110,95316,2310,High,Very High,2
-1.2439224786449015,1.5745675596992834,0.4180758353939627,-1.2325680389109064,0.04342434506689656,-0.22599580768481992,8.3,Wheat,102,50016,3264,Low,Medium,5
-0.10427771872943707,-0.2726690164357296,0.4180758353939627,-0.2919890484615638,1.70280382622979,0.5054398679430467,8.5,Corn,120,60620,3840,Medium,Medium,1
-0.9367138911894285,-0.6279068195386167,1.2827916936932764,-1.3501404127170742,1.70280382622979,-0.22599580768481992,10.1,Corn,108,39910,3996,Medium,High,1
-0.5535289864062578,-0.2726690164357296,-1.3113558812046648,0.17830044676310752,-0.1936298665278025,-0.9574314833126866,14.4,Wheat,110,51100,2420,Medium,Very High,5
-0.13070426388689713,-0.9831446226415038,-0.6195831945652139,-1.467712786523242,1.2286954030403918,0.26162797606709115,13.8,Corn,107,51480,2782,Medium,Very High,1
-1.3562352955641068,0.8640919534935091,0.5910190070538255,0.17830044676310752,1.465749614635091,1.4806874354468689,6.0,Soybean,127,41882,4191,Low,Low,4
-0.4147896243295926,0.7930443928729317,1.628678037013002,1.4715965586309536,-1.615955136095997,0.9930636516949578,8.9,Wheat,123,65620,4797,Medium,Medium,5
-1.3165954778279167,0.7219968322523542,1.1098485220334138,-0.5271337960738994,1.465749614635091,0.7492517598190023,10.5,Soybean,118,41916,4248,Low,High,4
1.2335661298669778,-0.41476413767688447,0.24513266373409992,0.6485899419877789,0.9916411914456928,-0.713619591436731,10.0,Corn,120,86428,3720,Very High,Medium,1
0.5464759557730166,-0.34371657705630704,0.9369053503735509,0.5310175681816109,-1.1418467129065988,-0.9574314833126866,6.9,Wheat,109,73347,3815,High,Low,5
-1.214192615342759,-0.4858116982974619,0.24513266373409992,0.8837346896001145,0.7545869798509938,1.2368755435709133,13.6,Corn,129,35510,3999,Low,Very High,1
0.5398693194836516,1.5745675596992834,0.7639621787136882,0.6485899419877789,1.465749614635091,-0.22599580768481992,11.8,Wheat,124,101856,4216,High,High,5
-0.626201985589273,1.1482821959758187,-0.10075367958562559,1.236451811018618,-1.3789009245012978,-0.9574314833126866,13.4,Corn,114,63720,3306,Medium,Very High,1
0.8966276791093621,1.7166626809404382,-0.6195831945652139,1.7067413062432892,-0.6677382897172006,1.7244993273228244,13.6,Soybean,132,114562,3432,High,Very High,4
-0.5105858505253853,-0.7700019407797716,1.628678037013002,-1.3501404127170742,1.70280382622979,-1.201243375188642,12.5,Soybean,104,46809,4056,Medium,Very High,4
-0.021694765112374427,-0.6989543801591941,-0.9654695378849394,-1.5852851603294098,-0.6677382897172006,0.26162797606709115,9.4,Corn,98,57024,2352,Medium,Medium,1
-0.2793535803976099,0.4378065897700446,-1.6572422245243905,0.5310175681816109,-0.6677382897172006,0.7492517598190023,11.1,Wheat,118,65040,2360,Medium,High,5
1.0155471323179324,-1.6936202288472781,1.1098485220334138,0.06072807295693968,-0.9047925013118997,0.017816084191135624,6.6,Rice,110,60250,3960,Very High,Low,2
-0.37184648844872004,-1.5515251076061232,-1.3113558812046648,1.4715965586309536,-0.6677382897172006,-1.688867158940553,11.7,Soybean,116,40820,2552,Medium,High,4
-1.012690208517126,-0.6279068195386167,0.4180758353939627,0.29587282056927533,-1.1418467129065988,-0.22599580768481992,6.8,Soybean,110,38415,3520,Low,Low,4
1.5110448540203083,-0.13057389519457477,0.5910190070538255,-0.879850917492403,0.9916411914456928,0.26162797606709115,11.9,Sorghum,111,97560,3663,Very High,High,3
-0.7319081662191131,-0.9831446226415038,1.2827916936932764,-1.467712786523242,-1.615955136095997,0.017816084191135624,7.3,Rice,94,40560,3478,Medium,Low,2
-1.115093071002284,-0.9120970620209264,-1.1384127095448022,-0.7622785436862352,-0.6677382897172006,0.017816084191135624,6.2,Corn,104,34160,2392,Low,Low,1
-0.1274009457422146,-1.0541921832620813,1.2827916936932764,1.5891689324371214,1.2286954030403918,1.2368755435709133,6.7,Wheat,137,50681,5069,Medium,Low,5
-0.6096853948658605,0.508854150390622,-0.9654695378849394,0.5310175681816109,0.2804785566615956,-0.46980769956077545,5.0,Sorghum,117,57753,2808,Medium,Low,3
-1.5742542931131522,-0.6279068195386167,0.9369053503735509,1.5891689324371214,1.2286954030403918,0.7492517598190023,12.2,Corn,135,27365,4725,Low,Very High,1
-0.8111878016914933,-1.196287304503236,-1.6572422245243905,-1.1149956651047386,0.2804785566615956,-0.9574314833126866,12.3,Barley,101,37164,2020,Medium,Very High,0
0.8239546799263471,0.9351395141140866,0.5910190070538255,-0.6447061698800672,-0.9047925013118997,0.017816084191135624,10.1,Soybean,104,99789,3432,High,High,4
1.1840163576967402,-0.9120970620209264,0.7639621787136882,0.6485899419877789,-1.1418467129065988,-1.201243375188642,6.6,Barley,109,76616,3706,Very High,Low,0
0.20623418687071848,-0.05952633457399735,-0.27369685124548837,-0.6447061698800672,-1.615955136095997,1.2368755435709133,5.8,Soybean,106,70080,2968,High,Low,4
-0.07785117357197703,0.22466390790831234,0.7639621787136882,-0.2919890484615638,-1.3789009245012978,0.26162797606709115,5.2,Soybean,106,67298,3604,Medium,Low,4
-1.4520315217598994,-1.196287304503236,1.1098485220334138,0.17830044676310752,0.04342434506689656,1.2368755435709133,6.7,Barley,120,26106,4320,Low,Low,0
0.04106827963659318,0.22466390790831234,-1.1384127095448022,-0.7622785436862352,-1.615955136095997,-1.4450552670645975,13.9,Barley,94,70070,2162,High,Very High,0
0.6059356823773017,0.7930443928729317,0.24513266373409992,0.17830044676310752,0.04342434506689656,-1.4450552670645975,7.4,Corn,109,91885,3379,High,Low,1
-0.07454785542729452,0.08256878666715749,-0.9654695378849394,1.0013070634062824,1.2286954030403918,0.9930636516949578,8.5,Sorghum,131,65625,3144,Medium,Medium,3
0.6653954089815868,-1.196287304503236,-0.9654695378849394,-0.7622785436862352,-0.1936298665278025,1.2368755435709133,6.1,Sorghum,111,62643,2664,High,Low,3
1.5771112169139583,1.7877102415610155,0.07218949207423717,-0.7622785436862352,1.70280382622979,1.7244993273228244,7.2,Barley,121,136125,3630,Very High,Low,0
0.9395708149902348,0.22466390790831234,-0.7925263662250767,-1.7028575341355776,0.04342434506689656,0.9930636516949578,10.2,Corn,103,91014,2575,High,High,1
-1.0192968448064912,0.22466390790831234,-0.6195831945652139,-1.5852851603294098,0.9916411914456928,-0.22599580768481992,11.1,Sorghum,103,45353,2678,Low,High,3
1.5176514903096732,0.8640919534935091,0.5910190070538255,1.4715965586309536,-0.4306840781225016,0.9930636516949578,7.5,Corn,128,116702,4224,Very High,Low,1
0.6224522731007142,1.1482821959758187,0.07218949207423717,0.06072807295693968,0.9916411914456928,0.5054398679430467,5.6,Corn,120,97740,3600,High,Low,1
1.5176514903096732,0.7930443928729317,0.4180758353939627,1.5891689324371214,1.465749614635091,-0.9574314833126866,8.9,Soybean,129,115345,4128,Very High,Medium,4
0.2128408231600835,0.1536163472877349,-1.4842990528645277,-1.7028575341355776,1.70280382622979,0.5054398679430467,7.3,Sorghum,108,73112,2268,High,Low,3
1.2467794024457077,-0.5568592589180393,-0.6195831945652139,-0.6447061698800672,1.70280382622979,0.017816084191135624,7.2,Sorghum,115,84150,2990,Very High,Low,3
0.22605409573881352,-1.1252397438826587,1.628678037013002,0.29587282056927533,0.2804785566615956,0.26162797606709115,14.6,Soybean,118,56028,4602,High,Very High,4
-0.8409176649936358,0.5799017110111995,-1.1384127095448022,1.236451811018618,-1.1418467129065988,-0.22599580768481992,11.2,Barley,118,52726,2714,Medium,High,0
1.1014334040796776,-0.34371657705630704,-0.4466400229053511,1.4715965586309536,0.5175327682562947,-0.713619591436731,10.6,Soybean,125,84939,3375,Very High,High,4
0.02124837076849815,-0.841049501400349,1.628678037013002,-0.879850917492403,-0.9047925013118997,0.017816084191135624,9.2,Sorghum,102,56048,3978,High,Medium,3
-1.214192615342759,0.22466390790831234,1.4557348653531392,0.6485899419877789,1.2286954030403918,-0.9574314833126866,9.3,Sorghum,120,40810,4560,Low,Medium,3
-0.044817992125151966,1.6456151203198608,0.4180758353939627,1.4715965586309536,-0.4306840781225016,-1.4450552670645975,10.4,Barley,118,85748,3776,Medium,High,0
1.0584902681988049,0.29571146852888974,0.5910190070538255,-0.5271337960738994,0.04342434506689656,0.7492517598190023,12.0,Soybean,112,95004,3696,Very High,High,4
0.490319547313414,-0.841049501400349,-0.10075367958562559,0.8837346896001145,-0.6677382897172006,1.7244993273228244,12.0,Wheat,125,64852,3625,High,High,5
-1.5775576112578347,1.5035199990787058,0.07218949207423717,-1.5852851603294098,-1.1418467129065988,0.9930636516949578,6.7,Wheat,99,39900,2970,Low,Low,5
1.1311632673818202,0.7219968322523542,-1.4842990528645277,-0.879850917492403,-0.4306840781225016,-0.46980769956077545,10.0,Barley,102,104160,2142,Very High,Medium,0
-1.095273162134189,-1.338382425744391,-0.27369685124548837,1.3540241848247858,-0.9047925013118997,0.26162797606709115,9.1,Soybean,122,31130,3416,Low,Medium,4
-0.7418181206531607,-0.4858116982974619,1.1098485220334138,0.7661623157939467,0.2804785566615956,-1.688867158940553,13.7,Soybean,114,45091,4104,Medium,Very High,4
-0.365239852159355,-1.4094299863649684,-1.3113558812046648,-0.879850917492403,1.2286954030403918,0.7492517598190023,11.3,Corn,114,42498,2508,Medium,High,1
0.3383669126580187,1.5745675596992834,-0.7925263662250767,0.17830044676310752,-1.1418467129065988,0.5054398679430467,10.3,Sorghum,112,96000,2800,High,High,3
-0.6030787585764954,0.011521226046580067,-0.9654695378849394,-0.056844300849228147,-0.9047925013118997,0.9930636516949578,6.2,Rice,113,52910,2712,Medium,Low,2
-1.6006808382706121,-1.6225726682267005,-0.9654695378849394,0.17830044676310752,-0.1936298665278025,-0.22599580768481992,11.1,Barley,113,21063,2712,Low,High,0
-0.8475243012830008,-1.0541921832620813,0.7639621787136882,1.4715965586309536,-0.1936298665278025,0.5054398679430467,6.2,Rice,127,37819,4318,Medium,Low,2
0.9197509061221397,0.3667590291494672,1.1098485220334138,0.8837346896001145,0.9916411914456928,0.26162797606709115,8.4,Rice,126,92904,4536,High,Medium,2
-0.5039792142360203,1.7877102415610155,-0.27369685124548837,1.0013070634062824,0.9916411914456928,0.5054398679430467,6.4,Barley,128,73755,3584,Medium,Low,0
0.2194474594494485,1.4324724384581284,-1.3113558812046648,-0.2919890484615638,-0.9047925013118997,0.26162797606709115,11.9,Soybean,108,90616,2376,High,High,4
1.319452401628723,-1.4094299863649684,1.628678037013002,0.4134451943754432,-0.4306840781225016,0.5054398679430467,7.1,Barley,117,70038,4563,Very High,Low,0
-0.5237991231041154,0.5799017110111995,1.1098485220334138,-1.2325680389109064,0.9916411914456928,0.7492517598190023,8.9,Rice,110,60598,3960,Medium,Medium,2
-1.3430220229853767,-1.6936202288472781,-0.10075367958562559,-0.4095614222677316,1.2286954030403918,1.2368755435709133,14.0,Sorghum,120,24550,3480,Low,Very High,3
-0.43460953319768764,-0.4858116982974619,-1.3113558812046648,-1.7028575341355776,-1.1418467129065988,-1.201243375188642,7.0,Sorghum,89,51322,1958,Medium,Low,3
1.5110448540203083,0.508854150390622,1.2827916936932764,0.8837346896001145,-0.4306840781225016,0.7492517598190023,10.1,Sorghum,122,109755,4514,Very High,High,3
-0.14391753646562713,1.5745675596992834,1.2827916936932764,-1.2325680389109064,0.9916411914456928,1.2368755435709133,9.2,Soybean,112,81984,4144,Medium,Medium,4
-0.2331071263720548,1.7166626809404382,1.1098485220334138,-0.879850917492403,-1.3789009245012978,-0.713619591436731,5.2,Wheat,97,81046,3492,Medium,Low,5
0.03446164334722817,-0.9831446226415038,-1.3113558812046648,-0.2919890484615638,0.04342434506689656,0.017816084191135624,12.9,Barley,111,54480,2442,High,Very High,0
0.9164475879774572,-0.2726690164357296,-1.3113558812046648,-0.879850917492403,-1.3789009245012978,0.017816084191135624,5.7,Sorghum,100,82250,2200,High,Low,3
1.4681017181394358,0.08256878666715749,-0.7925263662250767,1.1188794372124502,0.7545869798509938,-0.9574314833126866,9.7,Barley,122,100650,3050,Very High,Medium,0
-1.5313111572322795,0.011521226046580067,0.4180758353939627,0.8837346896001145,-0.1936298665278025,1.7244993273228244,10.6,Sorghum,127,32116,4064,Low,High,3
-0.966443754491571,-0.2016214558151522,0.7639621787136882,-0.5271337960738994,0.2804785566615956,1.7244993273228244,11.3,Soybean,117,42955,3978,Medium,High,4
-1.3793585225768843,0.1536163472877349,-0.27369685124548837,-1.7028575341355776,-1.615955136095997,0.9930636516949578,11.9,Wheat,96,36480,2688,Low,High,5
1.4317652185479282,1.7166626809404382,-1.1384127095448022,-0.2919890484615638,0.04342434506689656,0.7492517598190023,7.5,Wheat,114,130438,2622,Very High,Low,5
0.20953750501540097,-0.841049501400349,0.5910190070538255,0.4134451943754432,-0.1936298665278025,0.7492517598190023,5.1,Sorghum,119,59582,3927,High,Low,3
1.2335661298669778,0.5799017110111995,-0.9654695378849394,1.0013070634062824,-0.4306840781225016,-1.688867158940553,12.2,Soybean,113,104222,2712,Very High,Very High,4
-0.365239852159355,0.6509492716317768,-1.4842990528645277,-1.467712786523242,-0.4306840781225016,-1.688867158940553,10.4,Corn,92,65321,1932,Medium,High,1
-1.6403206560068022,1.1482821959758187,0.07218949207423717,1.0013070634062824,-0.4306840781225016,1.7244993273228244,13.4,Barley,127,36090,3810,Low,Very High,0
-0.35863321586999003,0.7219968322523542,-0.27369685124548837,0.17830044676310752,0.2804785566615956,-0.9574314833126866,13.2,Barley,112,66276,3136,Medium,Very High,0
0.222750777594131,-1.6936202288472781,-1.3113558812046648,-1.2325680389109064,-1.3789009245012978,-0.46980769956077545,13.4,Rice,95,48250,2090,High,Very High,2
-1.2967755689598217,-0.2726690164357296,-0.27369685124548837,0.5310175681816109,-1.615955136095997,0.017816084191135624,9.9,Soybean,111,35350,3108,Low,Medium,4
0.9032343153987272,1.6456151203198608,-1.3113558812046648,0.6485899419877789,1.2286954030403918,-0.46980769956077545,8.3,Rice,122,113587,2684,High,Medium,2
1.0684002226328524,-1.338382425744391,-1.4842990528645277,-0.879850917492403,0.9916411914456928,0.9930636516949578,12.9,Sorghum,114,67155,2394,Very High,Very High,3
-0.07124453728261201,0.22466390790831234,0.24513266373409992,1.236451811018618,-0.4306840781225016,0.26162797606709115,9.5,Rice,123,67452,3813,Medium,Medium,2
0.6753053634156343,-0.5568592589180393,-0.10075367958562559,-0.17441667465539598,0.5175327682562947,1.7244993273228244,6.8,Wheat,121,72732,3509,High,Low,5
-0.31899339813379995,-1.4094299863649684,-0.27369685124548837,-1.3501404127170742,0.7545869798509938,1.7244993273228244,13.5,Barley,112,43254,3136,Medium,Very High,0
0.764494953322062,0.4378065897700446,0.7639621787136882,-0.5271337960738994,0.04342434506689656,0.26162797606709115,13.8,Rice,110,90320,3740,High,Very High,2
0.18971759614730593,-1.4094299863649684,-0.4466400229053511,0.5310175681816109,-1.1418467129065988,1.4806874354468689,9.7,Wheat,119,51570,3213,High,Medium,5
-1.1117897528576013,0.9351395141140866,-0.9654695378849394,-0.056844300849228147,0.9916411914456928,-1.4450552670645975,5.8,Soybean,111,48807,2664,Low,Low,4
-0.9796570270703011,-1.5515251076061232,0.07218949207423717,0.4134451943754432,0.5175327682562947,0.5054398679430467,8.9,Rice,121,31252,3630,Medium,Medium,2
1.5176514903096732,-0.13057389519457477,-1.4842990528645277,-0.9974232912985708,-1.615955136095997,-1.688867158940553,13.0,Sorghum,91,97704,1911,Very High,Very High,3
1.6431775798076085,0.8640919534935091,0.7639621787136882,0.4134451943754432,0.2804785566615956,-1.4450552670645975,14.0,Sorghum,112,119970,3808,Very High,Very High,3
-0.7550313932318907,0.8640919534935091,-0.7925263662250767,1.4715965586309536,1.2286954030403918,-0.713619591436731,7.0,Sorghum,128,57534,3200,Medium,Low,3
1.2038362665648352,-1.0541921832620813,-0.4466400229053511,0.4134451943754432,1.2286954030403918,-0.9574314833126866,5.7,Barley,118,74458,3186,Very High,Low,0
1.0485803137647574,-1.0541921832620813,-0.9654695378849394,-0.5271337960738994,-1.615955136095997,-0.9574314833126866,13.8,Rice,98,71685,2352,Very High,Very High,2
-0.7517280750872082,-0.41476413767688447,0.9369053503735509,1.236451811018618,-1.1418467129065988,0.26162797606709115,8.9,Soybean,120,45560,4200,Medium,Medium,4
-0.14061421832094465,-0.5568592589180393,1.2827916936932764,-1.2325680389109064,0.04342434506689656,0.7492517598190023,10.4,Rice,106,56430,3922,Medium,High,2
-0.1207943094528496,-0.2726690164357296,-0.7925263662250767,-1.2325680389109064,1.465749614635091,0.017816084191135624,14.7,Barley,109,60270,2725,Medium,Very High,0
0.7545849988880144,-0.7700019407797716,-0.9654695378849394,1.7067413062432892,-1.1418467129065988,-0.46980769956077545,5.7,Wheat,121,70938,2904,High,Low,5
-0.8144911198361758,-1.1252397438826587,0.9369053503735509,0.7661623157939467,1.2286954030403918,-1.688867158940553,11.5,Barley,118,37758,4130,Medium,High,0
0.6720020452709518,1.5035199990787058,0.4180758353939627,-0.879850917492403,-0.9047925013118997,-1.4450552670645975,5.7,Sorghum,96,104595,3072,High,Low,3
-0.6691451214701456,-1.6936202288472781,-0.9654695378849394,-0.6447061698800672,0.04342434506689656,-0.46980769956077545,8.8,Wheat,106,34750,2544,Medium,Medium,5
0.7479783625986495,1.4324724384581284,0.4180758353939627,-1.1149956651047386,-1.615955136095997,0.7492517598190023,13.0,Sorghum,100,105656,3200,High,Very High,3
0.7314617718752369,-0.841049501400349,1.1098485220334138,-0.056844300849228147,1.2286954030403918,-1.4450552670645975,9.3,Corn,112,69378,4032,High,Medium,1
0.8272579980710295,-1.4804775469855458,1.2827916936932764,0.06072807295693968,1.2286954030403918,1.7244993273228244,15.0,Barley,126,60844,4662,High,Very High,0
-0.5304057593934803,-1.6936202288472781,-0.4466400229053511,1.4715965586309536,-0.4306840781225016,1.2368755435709133,10.6,Barley,129,36850,3483,Medium,High,0
1.2566893568797552,1.7166626809404382,0.4180758353939627,0.17830044676310752,-1.615955136095997,0.5054398679430467,8.2,Soybean,110,125244,3520,Very High,Medium,4
-1.4718514306279944,1.0772346353552413,1.4557348653531392,-0.879850917492403,1.465749614635091,-0.713619591436731,7.2,Rice,109,40228,4142,Low,Low,2
0.9693006782923773,0.508854150390622,-1.3113558812046648,-0.879850917492403,-1.615955136095997,1.4806874354468689,8.5,Wheat,105,96471,2310,High,Medium,5
1.3987320371011032,0.6509492716317768,-0.4466400229053511,1.1188794372124502,1.465749614635091,-0.713619591436731,8.7,Wheat,126,109643,3402,Very High,Medium,5
-0.9301072549000635,0.22466390790831234,-1.4842990528645277,-0.7622785436862352,0.04342434506689656,-0.46980769956077545,5.7,Soybean,105,47432,2205,Medium,Low,4
0.8768077702412671,0.4378065897700446,-0.4466400229053511,-1.5852851603294098,0.7545869798509938,-0.46980769956077545,8.7,Soybean,101,93040,2727,High,Medium,4
-1.0259034810958563,-1.196287304503236,0.4180758353939627,-0.056844300849228147,-0.9047925013118997,1.4806874354468689,9.6,Rice,115,33459,3680,Low,Medium,2
-0.3916663973168151,1.006187074734664,0.4180758353939627,0.29587282056927533,0.9916411914456928,-0.46980769956077545,12.2,Sorghum,118,68552,3776,Medium,Very High,3
-0.018391446967691922,0.08256878666715749,-1.6572422245243905,-1.467712786523242,-1.615955136095997,1.4806874354468689,11.6,Rice,100,66900,2000,Medium,High,2
-1.5114912483641845,0.6509492716317768,-0.7925263662250767,0.17830044676310752,0.5175327682562947,-1.4450552670645975,12.1,Barley,111,36520,2775,Low,Very High,0
-1.128306343581014,-1.5515251076061232,1.4557348653531392,-1.3501404127170742,-0.1936298665278025,1.4806874354468689,5.1,Sorghum,107,28912,4066,Low,Low,3
-1.5973775201259297,1.7877102415610155,0.9369053503735509,1.7067413062432892,-0.6677382897172006,0.5054398679430467,7.2,Corn,127,40986,4445,Low,Low,1
1.0386703593307098,-0.9120970620209264,-0.4466400229053511,-1.3501404127170742,-0.6677382897172006,1.4806874354468689,11.6,Rice,105,73932,2835,Very High,High,2
-1.4322116128918043,-1.6936202288472781,-1.6572422245243905,-0.17441667465539598,-1.615955136095997,1.2368755435709133,9.8,Soybean,110,23200,2200,Low,Medium,4
1.1840163576967402,1.361424877837551,0.9369053503735509,-0.7622785436862352,1.465749614635091,1.7244993273228244,5.1,Sorghum,120,116808,4200,Very High,Low,3
1.124556631092455,-1.4094299863649684,-0.27369685124548837,-0.7622785436862352,0.5175327682562947,1.4806874354468689,13.0,Rice,115,66852,3220,Very High,Very High,2
0.07410146108341824,0.3667590291494672,0.4180758353939627,1.1188794372124502,0.7545869798509938,-1.201243375188642,12.7,Wheat,121,72680,3872,High,Very High,5
-0.5105858505253853,0.3667590291494672,0.07218949207423717,1.236451811018618,-0.4306840781225016,1.4806874354468689,10.5,Corn,128,58697,3840,Medium,High,1
-1.220799251632124,-0.5568592589180393,0.4180758353939627,0.8837346896001145,1.465749614635091,-0.46980769956077545,5.7,Barley,125,34848,4000,Low,Low,0
0.49362286545809647,1.6456151203198608,-0.10075367958562559,1.7067413062432892,0.2804785566615956,1.2368755435709133,12.7,Wheat,134,101559,3886,High,Very High,5
-0.08776112800602454,1.5745675596992834,-1.1384127095448022,0.29587282056927533,0.2804785566615956,0.017816084191135624,10.8,Wheat,117,83616,2691,Medium,High,5
-1.4388182491811694,-0.13057389519457477,-0.7925263662250767,-0.6447061698800672,0.04342434506689656,0.9930636516949578,12.8,Corn,112,33264,2800,Low,Very High,1
-1.187766070185299,-0.6989543801591941,-0.6195831945652139,0.6485899419877789,-0.6677382897172006,1.2368755435709133,12.5,Barley,121,34432,3146,Low,Very High,0
0.0014284619004031138,0.8640919534935091,-0.9654695378849394,-1.3501404127170742,-1.615955136095997,0.7492517598190023,13.0,Soybean,98,77228,2352,Medium,Very High,4
0.31194036750055865,-0.2726690164357296,0.07218949207423717,-0.4095614222677316,0.2804785566615956,0.9930636516949578,10.2,Sorghum,115,69440,3450,High,High,3
-0.352026579580625,-0.7700019407797716,0.4180758353939627,1.3540241848247858,-1.615955136095997,-1.688867158940553,6.4,Barley,111,49833,3552,Medium,Low,0
0.5828124553645241,-1.6225726682267005,1.4557348653531392,-0.879850917492403,0.04342434506689656,-1.688867158940553,11.7,Rice,99,54774,3762,High,High,2
-0.26283698967419733,-0.9831446226415038,-0.10075367958562559,-1.5852851603294098,-0.6677382897172006,0.7492517598190023,11.2,Wheat,100,49080,2900,Medium,High,5
-0.6922683484829231,1.006187074734664,-0.10075367958562559,0.7661623157939467,-1.1418467129065988,1.2368755435709133,12.4,Rice,120,60544,3480,Medium,Very High,2
-0.39496971546149756,0.9351395141140866,0.07218949207423717,-0.2919890484615638,0.7545869798509938,-1.4450552670645975,6.7,Soybean,108,67686,3240,Medium,Low,4
0.9065376335434097,0.6509492716317768,-0.6195831945652139,0.6485899419877789,-0.1936298665278025,0.7492517598190023,6.9,Rice,121,97276,3146,High,Low,2
-0.028301401401739437,0.9351395141140866,1.2827916936932764,0.06072807295693968,-0.1936298665278025,1.7244993273228244,13.9,Barley,120,77343,4440,Medium,Very High,0
-0.8838608008745085,1.7877102415610155,-1.1384127095448022,1.4715965586309536,0.2804785566615956,0.9930636516949578,12.5,Rice,131,62370,3013,Medium,Very High,2
-1.5114912483641845,0.6509492716317768,-1.4842990528645277,-1.5852851603294098,-0.1936298665278025,0.9930636516949578,14.1,Soybean,103,36520,2163,Low,Very High,4
-1.5544343842450572,-0.4858116982974619,0.5910190070538255,-0.5271337960738994,1.2286954030403918,-0.46980769956077545,12.6,Soybean,112,28609,3696,Low,Very High,4
-1.200979342764029,0.3667590291494672,0.4180758353939627,-0.6447061698800672,0.7545869798509938,0.26162797606709115,11.0,Soybean,112,42186,3584,Low,High,4
-0.9829603452149837,-0.6989543801591941,0.24513266373409992,-0.056844300849228147,1.465749614635091,-0.9574314833126866,11.5,Barley,115,38400,3565,Low,High,0
1.1278599492371375,0.1536163472877349,-0.6195831945652139,0.17830044676310752,-1.1418467129065988,-1.201243375188642,13.9,Soybean,105,94164,2730,Very High,Very High,4
0.9296608605561872,0.6509492716317768,-1.4842990528645277,-0.879850917492403,0.7545869798509938,0.9930636516949578,10.8,Wheat,113,97857,2373,High,High,5
1.425158582258563,0.9351395141140866,0.4180758353939627,0.29587282056927533,1.2286954030403918,0.017816084191135624,11.3,Soybean,121,115623,3872,Very High,High,4
-1.5379177935216446,0.5799017110111995,0.5910190070538255,0.8837346896001145,1.70280382622979,0.7492517598190023,6.6,Rice,131,35424,4323,Low,Low,2
-1.488368021351407,-0.05952633457399735,1.1098485220334138,-0.7622785436862352,1.465749614635091,0.5054398679430467,9.7,Sorghum,115,32631,4140,Low,Medium,3
0.014641734479133138,-0.6989543801591941,-0.27369685124548837,1.1188794372124502,1.2286954030403918,1.4806874354468689,12.2,Rice,134,57728,3752,High,Very High,2
-0.3024768074103874,0.3667590291494672,1.1098485220334138,-0.879850917492403,-1.615955136095997,0.26162797606709115,7.7,Sorghum,100,63674,3600,Medium,Low,3
0.24917732275159105,1.2193297565963963,-0.4466400229053511,1.3540241848247858,0.04342434506689656,0.9930636516949578,7.0,Rice,129,88543,3483,High,Low,2
0.757888317032697,-0.5568592589180393,-1.4842990528645277,-0.17441667465539598,0.9916411914456928,0.7492517598190023,8.1,Barley,119,74382,2499,High,Medium,0
1.01224381417325,-1.4094299863649684,0.4180758353939627,1.4715965586309536,-1.1418467129065988,-0.713619591436731,7.4,Rice,118,65016,3776,Very High,Low,2
-1.3198987959725992,0.29571146852888974,-1.3113558812046648,1.236451811018618,0.9916411914456928,0.26162797606709115,7.1,Barley,129,38844,2838,Low,Low,0
0.6125423186666666,-1.4804775469855458,0.9369053503735509,1.1188794372124502,0.04342434506689656,-1.4450552670645975,9.2,Barley,117,57399,4095,High,Medium,0
1.2335661298669778,-1.0541921832620813,-0.7925263662250767,0.29587282056927533,0.04342434506689656,-1.201243375188642,14.1,Soybean,111,74989,2775,Very High,Very High,4
0.7512816807433319,-0.5568592589180393,1.4557348653531392,0.7661623157939467,1.2286954030403918,-0.22599580768481992,10.1,Wheat,124,74250,4712,High,High,5
1.613447716505466,-1.0541921832620813,-0.6195831945652139,0.5310175681816109,-0.6677382897172006,-0.22599580768481992,6.9,Sorghum,114,81774,2964,Very High,Low,3
0.1599877328451634,-0.5568592589180393,-0.10075367958562559,1.7067413062432892,1.2286954030403918,-0.46980769956077545,5.8,Soybean,131,62436,3799,High,Low,4
1.5275614447437207,-0.34371657705630704,-0.27369685124548837,0.5310175681816109,0.9916411914456928,-0.46980769956077545,12.0,Soybean,120,93840,3360,Very High,High,4
0.7942248166242045,-0.05952633457399735,-1.4842990528645277,0.6485899419877789,1.2286954030403918,-1.4450552670645975,8.8,Barley,118,83074,2478,High,Medium,0
0.3780067303942088,-1.4094299863649684,0.7639621787136882,-0.4095614222677316,-1.615955136095997,0.5054398679430467,13.2,Barley,105,54648,3570,High,Very High,0
1.4681017181394358,0.6509492716317768,-0.9654695378849394,0.4134451943754432,1.2286954030403918,-0.46980769956077545,11.6,Sorghum,120,111386,2880,Very High,High,3
-0.1207943094528496,-1.338382425744391,-1.1384127095448022,-0.17441667465539598,0.5175327682562947,-0.9574314833126866,13.0,Rice,110,47355,2530,Medium,Very High,2
0.4771062747346839,-1.6225726682267005,1.628678037013002,0.17830044676310752,-0.1936298665278025,0.9930636516949578,7.7,Rice,118,53142,4602,High,Low,2
0.8933243609646797,-0.841049501400349,-1.1384127095448022,1.0013070634062824,0.9916411914456928,-1.201243375188642,11.9,Soybean,121,72416,2783,High,High,4
-1.6304107015727547,1.2903773172169737,1.2827916936932764,0.6485899419877789,0.5175327682562947,1.2368755435709133,7.6,Corn,126,37168,4662,Low,Low,1
-0.926803936755381,1.2903773172169737,-1.1384127095448022,-1.467712786523242,-0.6677382897172006,0.7492517598190023,14.4,Corn,101,56764,2323,Medium,Very High,1
0.014641734479133138,1.6456151203198608,1.1098485220334138,1.236451811018618,0.04342434506689656,1.2368755435709133,11.4,Rice,129,87494,4644,High,High,2
0.8867177246753146,-0.9831446226415038,0.24513266373409992,1.7067413062432892,0.2804785566615956,-1.4450552670645975,8.2,Corn,123,69960,3813,High,Medium,1
-0.33220667071252996,1.5745675596992834,1.1098485220334138,0.8837346896001145,0.7545869798509938,-1.688867158940553,7.7,Rice,117,76512,4212,Medium,Low,2
1.2302628117222953,-0.13057389519457477,-0.10075367958562559,-0.9974232912985708,1.465749614635091,0.7492517598190023,6.9,Barley,114,91440,3306,Very High,Low,0
0.9792106327264248,-0.6279068195386167,-1.6572422245243905,0.17830044676310752,-0.1936298665278025,0.7492517598190023,11.9,Soybean,117,77610,2340,High,High,4
-0.3487232614359425,0.4378065897700446,1.2827916936932764,-0.4095614222677316,1.465749614635091,-0.713619591436731,7.2,Wheat,113,63360,4181,Medium,Low,5
-0.9631404363468886,-0.9831446226415038,1.2827916936932764,-0.7622785436862352,1.2286954030403918,-1.4450552670645975,11.0,Soybean,106,36360,3922,Medium,High,4
-1.5973775201259297,-0.6279068195386167,0.5910190070538255,-0.056844300849228147,1.70280382622979,-1.4450552670645975,7.6,Rice,114,26910,3762,Low,Low,2
1.1873196758414226,-1.196287304503236,0.7639621787136882,0.29587282056927533,-0.1936298665278025,-0.22599580768481992,11.6,Rice,114,71649,3876,Very High,High,2
0.18311095985794093,-1.4804775469855458,0.24513266373409992,0.6485899419877789,-1.615955136095997,0.017816084191135624,13.1,Soybean,112,50509,3472,High,Very High,4
1.299632492760628,1.0772346353552413,-1.1384127095448022,-0.2919890484615638,1.70280382622979,1.2368755435709133,12.8,Sorghum,123,114899,2829,Very High,Very High,3
-0.12409762759753211,-1.4804775469855458,-1.3113558812046648,1.7067413062432892,-0.9047925013118997,0.5054398679430467,12.6,Rice,126,45580,2772,Medium,Very High,2
0.6356655456794442,0.011521226046580067,1.628678037013002,0.6485899419877789,-1.3789009245012978,0.017816084191135624,6.9,Corn,113,80660,4407,High,Low,1
0.25248064089627353,-1.5515251076061232,0.24513266373409992,1.7067413062432892,-1.3789009245012978,1.4806874354468689,5.9,Corn,128,50648,3968,High,Low,1
1.2071395847095177,0.508854150390622,-0.6195831945652139,-0.879850917492403,-1.3789009245012978,-0.9574314833126866,12.0,Rice,96,102303,2496,Very High,High,2
0.8074380892029345,-1.5515251076061232,0.07218949207423717,-0.17441667465539598,-0.9047925013118997,1.7244993273228244,8.7,Rice,115,59384,3450,High,Medium,2
-0.8508276194276834,0.1536163472877349,-1.6572422245243905,-0.879850917492403,1.465749614635091,1.4806874354468689,9.3,Sorghum,118,48640,2360,Medium,Medium,3
0.216144141304766,0.29571146852888974,-0.7925263662250767,-0.17441667465539598,-1.615955136095997,-1.688867158940553,5.3,Corn,98,75114,2450,High,Low,1
-1.3298087504066467,0.508854150390622,0.7639621787136882,-0.9974232912985708,1.70280382622979,0.7492517598190023,7.6,Rice,115,40095,3910,Low,Low,2
1.3260590379180879,1.7877102415610155,0.7639621787136882,0.8837346896001145,-0.9047925013118997,-0.22599580768481992,5.3,Rice,116,128601,3944,Very High,Low,2
0.777708225900792,-0.41476413767688447,1.4557348653531392,-0.4095614222677316,-1.3789009245012978,-1.688867158940553,13.8,Sorghum,97,77044,3686,High,Very High,3
-0.044817992125151966,-0.2726690164357296,0.07218949207423717,-0.5271337960738994,-0.6677382897172006,0.7492517598190023,7.4,Sorghum,109,61880,3270,Medium,Low,3
-0.3024768074103874,-1.4094299863649684,-1.4842990528645277,0.7661623157939467,-1.1418467129065988,-0.9574314833126866,10.6,Soybean,111,43524,2331,Medium,High,4
-0.8838608008745085,-0.4858116982974619,0.5910190070538255,0.7661623157939467,1.70280382622979,0.017816084191135624,5.4,Sorghum,127,42210,4191,Medium,Low,3
0.8272579980710295,0.22466390790831234,-1.4842990528645277,-0.5271337960738994,0.9916411914456928,-1.4450552670645975,11.7,Wheat,107,88396,2247,High,High,5
0.516746092470874,1.2193297565963963,-1.1384127095448022,1.1188794372124502,0.04342434506689656,-0.46980769956077545,8.2,Corn,121,95914,2783,High,Medium,1
-1.0820598895554587,-0.2016214558151522,1.1098485220334138,0.7661623157939467,-0.9047925013118997,1.2368755435709133,14.0,Soybean,121,40470,4356,Low,Very High,4
0.14016782397706837,-0.2726690164357296,-1.3113558812046648,1.4715965586309536,-1.615955136095997,-0.46980769956077545,13.9,Wheat,117,65800,2574,High,Very High,5
-1.528007839087597,-1.338382425744391,0.4180758353939627,1.5891689324371214,-1.615955136095997,0.9930636516949578,8.3,Rice,124,23925,3968,Low,Medium,2
0.08731473366214826,-1.6936202288472781,-0.27369685124548837,-0.2919890484615638,0.9916411914456928,0.26162797606709115,14.0,Rice,116,46200,3248,High,Very High,2
-1.1183963891469664,-1.4094299863649684,-0.6195831945652139,0.29587282056927533,0.5175327682562947,-0.713619591436731,15.0,Soybean,115,30186,2990,Low,Very High,4
1.124556631092455,1.1482821959758187,0.7639621787136882,-1.5852851603294098,-1.1418467129065988,0.5054398679430467,13.3,Sorghum,97,111420,3298,Very High,Very High,3
0.6620920908369042,-0.9120970620209264,0.07218949207423717,1.5891689324371214,1.70280382622979,-0.9574314833126866,13.4,Rice,130,66978,3900,High,Very High,2
-0.8442209831383184,0.08256878666715749,1.628678037013002,0.6485899419877789,0.2804785566615956,-0.713619591436731,7.5,Barley,117,48150,4563,Medium,Low,0
-1.3628419318534717,1.5035199990787058,-1.4842990528645277,-0.056844300849228147,-0.1936298665278025,0.9930636516949578,10.8,Soybean,116,46075,2436,Low,High,4
0.9825139508711074,0.6509492716317768,0.7639621787136882,0.5310175681816109,-1.3789009245012978,0.9930636516949578,5.7,Wheat,116,99185,3944,High,Low,5
0.26239059533032105,1.7166626809404382,0.5910190070538255,1.3540241848247858,1.70280382622979,0.5054398679430467,5.9,Soybean,134,95746,4422,High,Low,4
0.6059356823773017,-0.7700019407797716,1.628678037013002,0.29587282056927533,1.2286954030403918,1.7244993273228244,15.0,Corn,128,68103,4992,High,Very High,1
0.19302091429198845,0.08256878666715749,0.07218949207423717,-0.056844300849228147,0.2804785566615956,0.7492517598190023,8.3,Sorghum,117,71700,3510,High,Medium,3
0.24917732275159105,1.4324724384581284,-1.3113558812046648,0.4134451943754432,0.5175327682562947,-0.713619591436731,12.5,Sorghum,116,91462,2552,High,Very High,3
1.5011348995862608,0.1536163472877349,1.1098485220334138,0.8837346896001145,-1.3789009245012978,0.017816084191135624,13.1,Soybean,115,102752,4140,Very High,Very High,4
0.48701622916873144,-1.1252397438826587,0.24513266373409992,1.0013070634062824,-1.1418467129065988,0.5054398679430467,13.6,Rice,119,60610,3689,High,Very High,2
0.9825139508711074,0.08256878666715749,0.7639621787136882,-0.4095614222677316,0.7545869798509938,0.9930636516949578,15.0,Rice,117,89625,3978,High,Very High,2
-1.5544343842450572,1.5745675596992834,0.9369053503735509,-0.2919890484615638,1.2286954030403918,0.017816084191135624,7.4,Barley,116,40992,4060,Low,Low,0
0.4011299574069863,-0.2016214558151522,-0.9654695378849394,0.7661623157939467,0.5175327682562947,-1.4450552670645975,5.4,Barley,116,72349,2784,High,Low,0
0.18971759614730593,1.5745675596992834,1.628678037013002,-0.5271337960738994,1.465749614635091,-0.22599580768481992,9.1,Sorghum,114,91680,4446,High,Medium,3
-0.5237991231041154,0.3667590291494672,-0.7925263662250767,-1.2325680389109064,-1.3789009245012978,0.017816084191135624,6.3,Barley,97,58381,2425,Medium,Low,0
0.9891205871604724,1.2903773172169737,1.4557348653531392,1.5891689324371214,-1.1418467129065988,0.7492517598190023,5.2,Wheat,125,110124,4750,High,Low,5
1.5176514903096732,1.6456151203198608,-0.9654695378849394,-1.7028575341355776,-0.4306840781225016,-0.46980769956077545,8.6,Barley,95,131629,2280,Very High,Medium,0
-0.5535289864062578,-0.5568592589180393,-1.3113558812046648,1.0013070634062824,0.2804785566615956,-0.713619591436731,12.8,Wheat,120,48180,2640,Medium,Very High,5
0.4671963203006364,0.08256878666715749,-1.6572422245243905,-1.467712786523242,0.2804785566615956,0.7492517598190023,10.7,Barley,105,77925,2100,High,High,0
0.024551688913180655,0.7930443928729317,-0.7925263662250767,0.7661623157939467,-0.1936298665278025,0.26162797606709115,8.1,Sorghum,120,76925,3000,High,Medium,3
-0.49737257794665524,-1.6936202288472781,0.7639621787136882,0.4134451943754432,0.9916411914456928,1.2368755435709133,11.5,Sorghum,126,37350,4284,Medium,High,3
-0.08445780986134203,-1.196287304503236,-1.4842990528645277,0.8837346896001145,-1.1418467129065988,-1.201243375188642,7.3,Wheat,111,49704,2331,Medium,Low,5
-0.8838608008745085,1.7166626809404382,-1.3113558812046648,1.5891689324371214,-0.9047925013118997,0.9930636516949578,5.1,Soybean,127,61740,2794,Medium,Low,4
-1.0192968448064912,0.7219968322523542,1.1098485220334138,1.7067413062432892,-0.4306840781225016,1.2368755435709133,12.6,Sorghum,131,49476,4716,Low,Very High,3
-0.9036807097426035,-0.6989543801591941,0.24513266373409992,-0.9974232912985708,0.7545869798509938,1.2368755435709133,11.2,Soybean,113,39936,3503,Medium,High,4
-0.3751498065934025,1.5745675596992834,1.2827916936932764,-0.4095614222677316,-0.6677382897172006,0.5054398679430467,12.6,Rice,109,75264,4033,Medium,Very High,2
-0.4015763517508626,-0.2016214558151522,0.7639621787136882,-0.056844300849228147,-1.3789009245012978,-0.9574314833126866,5.4,Wheat,103,55096,3502,Medium,Low,5
-0.7120882573510181,-0.7700019407797716,0.24513266373409992,1.1188794372124502,1.2286954030403918,0.26162797606709115,13.4,Sorghum,129,42966,3999,Medium,Very High,3
1.5176514903096732,0.08256878666715749,0.9369053503735509,-1.2325680389109064,-0.4306840781225016,-0.46980769956077545,11.2,Corn,99,101775,3465,Very High,High,1
0.4440730932878589,0.22466390790831234,-0.4466400229053511,-0.056844300849228147,-1.1418467129065988,0.017816084191135624,10.6,Rice,108,79464,2916,High,High,2
0.4275565025644464,-0.13057389519457477,0.5910190070538255,-0.879850917492403,1.465749614635091,-0.22599580768481992,11.2,Soybean,111,73944,3663,High,High,4
1.5672012624799108,-0.7700019407797716,1.1098485220334138,-0.6447061698800672,0.04342434506689656,0.7492517598190023,13.6,Sorghum,111,86436,3996,Very High,Very High,3
0.8140447254922996,-0.05952633457399735,-0.4466400229053511,1.236451811018618,-1.3789009245012978,-1.4450552670645975,10.9,Wheat,112,83512,3024,High,High,5
-0.7913678928233983,-1.6225726682267005,0.7639621787136882,0.06072807295693968,-1.615955136095997,-1.201243375188642,10.8,Barley,102,33558,3468,Medium,High,0
-0.4610360783551477,1.4324724384581284,0.5910190070538255,-0.879850917492403,0.2804785566615956,-1.688867158940553,14.9,Corn,100,71252,3300,Medium,Very High,1
0.6984285904284119,0.08256878666715749,1.2827916936932764,-1.7028575341355776,1.465749614635091,0.26162797606709115,12.6,Soybean,106,83175,3922,High,Very High,4
-0.14061421832094465,-0.7700019407797716,1.628678037013002,-0.4095614222677316,0.9916411914456928,1.2368755435709133,9.4,Rice,119,53865,4641,Medium,Medium,2
-0.2892635348316574,-1.2673348651238134,-0.6195831945652139,-1.2325680389109064,-1.1418467129065988,-0.22599580768481992,12.1,Wheat,97,45360,2522,Medium,Very High,5
0.49692618360277896,-1.5515251076061232,-1.3113558812046648,-1.467712786523242,0.7545869798509938,-1.688867158940553,8.9,Corn,97,54496,2134,High,Medium,1
-0.5964721222871304,1.5745675596992834,0.24513266373409992,-1.7028575341355776,-1.615955136095997,-1.201243375188642,7.3,Wheat,87,68832,2697,Medium,Low,5
0.5894190916538892,-0.13057389519457477,-1.3113558812046648,-1.3501404127170742,-0.1936298665278025,-0.9574314833126866,11.0,Sorghum,97,77472,2134,High,High,3
-0.9036807097426035,1.5035199990787058,1.628678037013002,-0.879850917492403,1.2286954030403918,-0.9574314833126866,14.3,Barley,107,59280,4173,Medium,Very High,0
1.0584902681988049,1.2903773172169737,0.5910190070538255,-1.467712786523242,1.70280382622979,-0.713619591436731,14.3,Rice,105,112056,3465,Very High,Very High,2
-0.873950846440461,1.5745675596992834,0.7639621787136882,-0.6447061698800672,0.5175327682562947,1.4806874354468689,8.4,Wheat,116,60768,3944,Medium,Medium,5
0.6125423186666666,1.4324724384581284,0.5910190070538255,-1.5852851603294098,-0.6677382897172006,-1.201243375188642,10.3,Soybean,92,101802,3036,High,High,4
0.5464759557730166,-0.4858116982974619,-0.6195831945652139,-0.5271337960738994,-0.6677382897172006,-1.201243375188642,7.1,Sorghum,101,71221,2626,High,Low,3
1.5738078987692758,0.9351395141140866,1.1098485220334138,1.1188794372124502,1.465749614635091,-1.688867158940553,15.0,Sorghum,122,119538,4392,Very High,Very High,3
1.084916813356265,0.7219968322523542,0.24513266373409992,-0.6447061698800672,-1.615955136095997,-0.22599580768481992,14.8,Rice,100,102984,3100,Very High,Very High,2
-0.4114863061849101,-0.6989543801591941,1.628678037013002,0.6485899419877789,1.70280382622979,0.7492517598190023,11.5,Sorghum,129,49472,5031,Medium,High,3
0.5729025009304766,0.011521226046580067,-1.1384127095448022,-0.17441667465539598,1.70280382622979,0.5054398679430467,13.0,Soybean,121,79254,2783,High,Very High,4
0.36149013967079624,0.8640919534935091,-0.27369685124548837,-0.9974232912985708,0.2804785566615956,1.4806874354468689,12.2,Wheat,112,86602,3136,High,Very High,5
-0.08776112800602454,0.22466390790831234,-0.7925263662250767,1.3540241848247858,-0.1936298665278025,-1.688867158940553,10.9,Rice,117,67067,2925,Medium,High,2
-0.8772541645851434,-1.0541921832620813,0.9369053503735509,1.3540241848247858,0.04342434506689656,-1.4450552670645975,5.5,Sorghum,119,37288,4165,Medium,Low,3
0.6389688638241268,1.006187074734664,-1.4842990528645277,-1.5852851603294098,0.2804785566615956,1.2368755435709133,9.5,Sorghum,106,96008,2226,High,Medium,3
-1.273652341947044,-0.5568592589180393,-0.4466400229053511,-0.7622785436862352,-0.4306840781225016,-0.9574314833126866,11.7,Soybean,101,33792,2727,Low,High,4
1.0948267677903125,1.006187074734664,0.07218949207423717,0.06072807295693968,0.9916411914456928,1.2368755435709133,11.8,Barley,123,108152,3690,Very High,High,0
-0.005178174388961898,-0.2016214558151522,0.4180758353939627,-0.2919890484615638,-0.6677382897172006,-0.9574314833126866,8.7,Barley,104,63616,3328,Medium,Medium,0
-0.18686067234649972,0.08256878666715749,1.1098485220334138,-0.7622785436862352,-0.4306840781225016,-0.713619591436731,14.4,Sorghum,102,63075,3672,Medium,Very High,3
0.216144141304766,1.361424877837551,-0.4466400229053511,0.5310175681816109,0.7545869798509938,0.7492517598190023,6.7,Wheat,124,89559,3348,High,Low,5
-0.7616380295212557,0.011521226046580067,1.2827916936932764,-1.3501404127170742,-1.3789009245012978,-1.4450552670645975,10.0,Rice,90,49358,3330,Medium,Medium,2
0.03776496149191068,-0.5568592589180393,1.2827916936932764,0.7661623157939467,-0.9047925013118997,-0.9574314833126866,11.9,Sorghum,112,59994,4144,High,High,3
1.0188504504626148,-0.841049501400349,0.5910190070538255,-0.6447061698800672,-1.1418467129065988,-1.688867158940553,12.0,Corn,96,74772,3168,Very High,High,1
-0.37184648844872004,-0.34371657705630704,0.7639621787136882,1.236451811018618,1.2286954030403918,-1.4450552670645975,11.5,Rice,123,54165,4182,Medium,High,2
-0.36854317030403755,0.011521226046580067,-0.7925263662250767,1.236451811018618,-0.1936298665278025,-1.688867158940553,7.8,Barley,116,58164,2900,Medium,Low,0
-1.273652341947044,-1.4804775469855458,0.07218949207423717,0.7661623157939467,0.2804785566615956,0.5054398679430467,6.6,Sorghum,123,27136,3690,Low,Low,3
0.3780067303942088,-1.0541921832620813,0.4180758353939627,-0.4095614222677316,-0.6677382897172006,0.5054398679430467,11.4,Soybean,109,59708,3488,High,High,4
0.41764654813039886,-1.5515251076061232,-1.6572422245243905,0.17830044676310752,-0.4306840781225016,1.2368755435709133,11.0,Corn,118,53248,2360,High,High,1
1.4978315814415781,1.1482821959758187,-0.7925263662250767,-0.17441667465539598,0.5175327682562947,-0.9574314833126866,6.8,Sorghum,110,121590,2750,Very High,Low,3
-1.3793585225768843,1.4324724384581284,-0.27369685124548837,-0.17441667465539598,1.465749614635091,-0.9574314833126866,12.1,Wheat,114,45120,3192,Low,Very High,5
0.6620920908369042,-0.4858116982974619,-0.4466400229053511,1.1188794372124502,0.9916411914456928,-0.22599580768481992,9.6,Corn,126,73566,3402,High,Medium,1
-1.273652341947044,1.5745675596992834,0.07218949207423717,-1.5852851603294098,0.9916411914456928,0.5054398679430467,11.7,Sorghum,106,49152,3180,Low,High,3
-1.6403206560068022,0.7930443928729317,1.4557348653531392,0.6485899419877789,-1.3789009245012978,0.7492517598190023,13.4,Wheat,116,34085,4408,Low,Very High,5
0.47380295659000143,1.5745675596992834,-0.27369685124548837,1.1188794372124502,-1.1418467129065988,0.7492517598190023,6.7,Corn,121,99936,3388,High,Low,1
-0.920197300466016,-0.2016214558151522,1.1098485220334138,0.5310175681816109,-1.1418467129065988,0.26162797606709115,5.2,Wheat,114,43949,4104,Medium,Low,5
0.222750777594131,0.6509492716317768,0.24513266373409992,-0.5271337960738994,0.9916411914456928,0.26162797606709115,12.8,Wheat,114,80095,3534,High,Very High,5
1.177409721407375,1.5745675596992834,0.5910190070538255,0.06072807295693968,0.9916411914456928,-0.713619591436731,11.1,Corn,115,120384,3795,Very High,High,1
1.646480897952291,-1.196287304503236,0.7639621787136882,0.4134451943754432,1.70280382622979,0.5054398679430467,12.0,Corn,126,79572,4284,Very High,High,1
0.784314862190157,1.0772346353552413,0.9369053503735509,0.8837346896001145,0.2804785566615956,-1.688867158940553,13.4,Wheat,115,101015,4025,High,Very High,5
-0.9036807097426035,1.7166626809404382,1.628678037013002,-1.1149956651047386,1.70280382622979,-1.688867158940553,13.0,Barley,104,61152,4056,Medium,Very High,0
-0.3751498065934025,1.361424877837551,-1.6572422245243905,1.0013070634062824,-0.1936298665278025,-0.46980769956077545,14.6,Corn,119,72912,2380,Medium,Very High,1
-0.31569007998911747,-0.41476413767688447,-0.10075367958562559,0.4134451943754432,0.04342434506689656,-1.4450552670645975,10.4,Sorghum,111,54536,3219,Medium,High,3
0.4605896840112714,1.2193297565963963,-0.4466400229053511,-1.2325680389109064,0.7545869798509938,0.017816084191135624,9.9,Rice,106,94367,2862,High,Medium,2
-1.2174959334874416,1.1482821959758187,1.2827916936932764,1.236451811018618,0.5175327682562947,1.2368755435709133,9.0,Soybean,131,47610,4847,Low,Medium,4
-1.4718514306279944,0.8640919534935091,-1.6572422245243905,-1.3501404127170742,0.7545869798509938,0.26162797606709115,6.5,Wheat,106,38872,2120,Low,Low,5
0.6125423186666666,-1.338382425744391,-1.4842990528645277,-0.056844300849228147,0.2804785566615956,1.2368755435709133,10.7,Wheat,119,59565,2499,High,High,5
0.764494953322062,0.08256878666715749,-1.6572422245243905,1.5891689324371214,-0.4306840781225016,-0.9574314833126866,7.8,Soybean,121,84675,2420,High,Low,4
0.5729025009304766,0.6509492716317768,-1.6572422245243905,-1.3501404127170742,-0.9047925013118997,-0.713619591436731,14.2,Barley,95,88893,1900,High,Very High,0
0.6984285904284119,1.4324724384581284,-0.27369685124548837,0.5310175681816109,0.9916411914456928,0.7492517598190023,10.8,Soybean,125,104246,3500,High,High,4
-0.27274694410824485,-1.338382425744391,0.4180758353939627,-0.6447061698800672,-1.615955136095997,0.017816084191135624,10.9,Corn,101,44825,3232,Medium,High,1
-0.8310077105595883,0.8640919534935091,-1.6572422245243905,1.0013070634062824,0.04342434506689656,-1.201243375188642,8.5,Soybean,117,55556,2340,Medium,Medium,4
1.1146466766584076,0.5799017110111995,0.4180758353939627,0.7661623157939467,-0.1936298665278025,-0.713619591436731,5.5,Wheat,116,101270,3712,Very High,Low,5
-0.19677062678054724,-0.2016214558151522,1.628678037013002,-1.467712786523242,-1.3789009245012978,-1.201243375188642,5.3,Soybean,90,59498,3510,Medium,Low,4
-0.9763537089256186,-0.2726690164357296,-0.6195831945652139,1.236451811018618,0.04342434506689656,0.9930636516949578,9.2,Rice,128,42140,3328,Medium,Medium,2
-1.0391167536745862,-1.338382425744391,-1.4842990528645277,-1.2325680389109064,0.9916411914456928,0.5054398679430467,5.8,Sorghum,109,32065,2289,Low,Low,3
-1.240619160500219,-1.338382425744391,-0.7925263662250767,-1.1149956651047386,-0.6677382897172006,-1.201243375188642,11.1,Corn,96,28710,2400,Low,High,1
-0.32229671627848244,1.6456151203198608,-0.6195831945652139,0.6485899419877789,-0.1936298665278025,-1.201243375188642,13.8,Soybean,113,77600,2938,Medium,Very High,4
0.8867177246753146,-1.4804775469855458,0.5910190070538255,0.7661623157939467,-0.9047925013118997,1.2368755435709133,13.8,Wheat,121,61798,3993,High,Very High,5
-0.6757517577595106,0.3667590291494672,1.2827916936932764,-0.879850917492403,-0.6677382897172006,0.9930636516949578,11.6,Sorghum,107,54747,3959,Medium,High,3
-0.7219982117850656,-0.9831446226415038,0.7639621787136882,-0.9974232912985708,0.04342434506689656,-0.22599580768481992,7.1,Corn,104,40740,3536,Medium,Low,1
1.11794999480309,0.3667590291494672,-1.4842990528645277,0.6485899419877789,-1.615955136095997,1.7244993273228244,13.6,Wheat,119,97644,2499,Very High,Very High,5
1.2732059476031679,0.4378065897700446,-0.10075367958562559,-0.6447061698800672,-1.615955136095997,-0.22599580768481992,13.9,Barley,100,102640,2900,Very High,Very High,0
0.36809677596016127,-0.05952633457399735,0.24513266373409992,-1.1149956651047386,1.70280382622979,-0.22599580768481992,7.0,Rice,110,73657,3410,High,Low,2
-0.9928702996490312,-1.1252397438826587,1.1098485220334138,-0.17441667465539598,-0.9047925013118997,0.5054398679430467,12.4,Barley,110,34626,3960,Low,Very High,0
1.5969311257820533,-1.5515251076061232,-0.4466400229053511,-1.3501404127170742,-1.1418467129065988,0.017816084191135624,7.9,Rice,97,71812,2619,Very High,Low,2
1.3491822649308656,0.4378065897700446,0.07218949207423717,1.4715965586309536,1.2286954030403918,-0.713619591436731,13.0,Soybean,128,104480,3840,Very High,Very High,4
0.04106827963659318,1.0772346353552413,-1.3113558812046648,1.1188794372124502,0.5175327682562947,-0.713619591436731,15.0,Corn,122,80990,2684,High,Very High,1
0.837167952505077,0.8640919534935091,-0.7925263662250767,-0.2919890484615638,0.9916411914456928,1.4806874354468689,5.3,Soybean,121,98986,3025,High,Low,4
-1.1712494794618864,0.7930443928729317,-0.27369685124548837,0.5310175681816109,-1.3789009245012978,-0.9574314833126866,14.0,Rice,108,46155,3024,Low,Very High,2
0.3647934578154787,-0.05952633457399735,-0.7925263662250767,0.17830044676310752,0.9916411914456928,-0.22599580768481992,11.2,Rice,118,73584,2950,High,High,2
-0.9829603452149837,0.4378065897700446,-0.27369685124548837,0.8837346896001145,-1.1418467129065988,0.5054398679430467,14.7,Rice,118,48000,3304,Low,Very High,2
-1.2373158423555366,-1.338382425744391,-0.6195831945652139,-0.9974232912985708,0.7545869798509938,-0.9574314833126866,9.7,Sorghum,104,28765,2704,Low,Medium,3
-1.0292067992405387,-1.6225726682267005,-0.27369685124548837,-1.3501404127170742,1.70280382622979,1.7244993273228244,13.5,Wheat,116,29886,3248,Low,Very High,5
-0.5700455771296704,-0.34371657705630704,1.2827916936932764,1.5891689324371214,1.70280382622979,-1.4450552670645975,5.6,Corn,128,50025,4736,Medium,Low,1
-0.11418767316348459,0.22466390790831234,0.24513266373409992,-0.17441667465539598,0.7545869798509938,-0.9574314833126866,8.4,Soybean,111,66451,3441,Medium,Medium,4
-0.49406925980197275,-0.9831446226415038,-0.4466400229053511,-1.467712786523242,1.465749614635091,1.2368755435709133,5.7,Soybean,112,44880,3024,Medium,Low,4
0.8999309972540447,-1.4804775469855458,-0.4466400229053511,1.0013070634062824,0.7545869798509938,1.2368755435709133,14.8,Barley,130,62010,3510,High,Very High,0
0.5332626831942865,-0.6989543801591941,1.2827916936932764,-1.2325680389109064,-1.615955136095997,0.017816084191135624,13.2,Rice,96,67776,3552,High,Very High,2
0.8768077702412671,-1.338382425744391,1.628678037013002,0.06072807295693968,-1.615955136095997,0.26162797606709115,13.5,Rice,108,63965,4212,High,Very High,2
1.5077415358756256,1.7166626809404382,0.7639621787136882,1.236451811018618,-0.4306840781225016,-1.201243375188642,14.4,Rice,117,132692,3978,Very High,Very High,2
1.4317652185479282,0.3667590291494672,-0.6195831945652139,0.8837346896001145,-0.6677382897172006,-0.22599580768481992,5.9,Soybean,117,105149,3042,Very High,Low,4
-0.31569007998911747,0.9351395141140866,0.07218949207423717,0.5310175681816109,0.04342434506689656,1.4806874354468689,8.9,Barley,124,69774,3720,Medium,Medium,0
-0.5039792142360203,-1.6225726682267005,1.628678037013002,-1.3501404127170742,-1.3789009245012978,0.9930636516949578,5.7,Wheat,100,37995,3900,Medium,Low,5
1.5341680810330858,-0.6989543801591941,0.9369053503735509,1.0013070634062824,-0.9047925013118997,1.4806874354468689,7.1,Sorghum,124,87168,4340,Very High,Low,3
0.04106827963659318,-0.9831446226415038,-1.1384127095448022,1.7067413062432892,0.04342434506689656,0.26162797606709115,7.3,Corn,129,54600,2967,High,Low,1
-1.1613395250278389,-1.196287304503236,-0.7925263662250767,1.0013070634062824,0.9916411914456928,0.7492517598190023,9.7,Wheat,129,31122,3225,Low,Medium,5
-1.1580362068831564,0.08256878666715749,-1.3113558812046648,-1.5852851603294098,-0.4306840781225016,-0.9574314833126866,7.7,Soybean,94,41025,2068,Low,Low,4
1.2071395847095177,1.4324724384581284,-0.27369685124548837,1.7067413062432892,-1.615955136095997,0.5054398679430467,6.0,Sorghum,123,118722,3444,Very High,Low,3
0.7017319085730943,1.361424877837551,-0.10075367958562559,0.29587282056927533,1.70280382622979,1.7244993273228244,6.7,Sorghum,130,103230,3770,High,Low,3
1.0617935863434875,-1.4094299863649684,0.5910190070538255,0.4134451943754432,-0.9047925013118997,-1.201243375188642,6.5,Sorghum,108,65826,3564,Very High,Low,3
-0.031604719546421946,-1.338382425744391,0.07218949207423717,1.4715965586309536,-1.615955136095997,-0.713619591436731,14.7,Rice,116,48840,3480,Medium,Very High,2
1.4218552641138806,0.08256878666715749,1.2827916936932764,1.4715965586309536,1.2286954030403918,-1.688867158940553,12.6,Corn,124,99600,4588,Very High,Very High,1
1.444978491126658,-1.4804775469855458,0.24513266373409992,0.4134451943754432,-1.3789009245012978,-1.201243375188642,14.7,Soybean,106,70755,3286,Very High,Very High,4
0.4671963203006364,-0.41476413767688447,0.24513266373409992,0.17830044676310752,-0.6677382897172006,1.7244993273228244,9.4,Soybean,119,70652,3689,High,Medium,4
0.1732010054238934,-0.34371657705630704,0.4180758353939627,-0.17441667465539598,1.465749614635091,0.017816084191135624,7.8,Sorghum,118,65550,3776,High,Low,3
-0.5304057593934803,0.5799017110111995,0.4180758353939627,0.4134451943754432,0.04342434506689656,0.7492517598190023,13.0,Soybean,120,60434,3840,Medium,Very High,4
1.2335661298669778,-0.34371657705630704,1.4557348653531392,0.7661623157939467,0.04342434506689656,0.017816084191135624,8.3,Corn,120,87699,4560,Very High,Medium,1
0.47049963844531895,1.7166626809404382,1.4557348653531392,1.0013070634062824,0.7545869798509938,1.7244993273228244,8.0,Corn,132,101920,5016,High,Low,1
0.9263575424115047,-0.9120970620209264,0.5910190070538255,-0.2919890484615638,-1.1418467129065988,1.2368755435709133,7.3,Barley,111,71858,3663,High,Low,0
1.6167510346501484,1.5745675596992834,-1.1384127095448022,-0.4095614222677316,0.7545869798509938,-0.9574314833126866,6.3,Barley,109,133152,2507,Very High,Low,0
1.5011348995862608,-1.6936202288472781,0.4180758353939627,1.7067413062432892,1.2286954030403918,-1.4450552670645975,7.6,Wheat,127,67600,4064,Very High,Low,5
-0.08445780986134203,0.08256878666715749,-0.4466400229053511,1.236451811018618,-0.9047925013118997,1.2368755435709133,8.6,Corn,125,65400,3375,Medium,Medium,1
1.478011672573483,-0.7700019407797716,1.4557348653531392,-1.1149956651047386,0.5175327682562947,0.017816084191135624,11.7,Corn,106,84735,4028,Very High,High,1
-1.148126252449109,0.9351395141140866,0.24513266373409992,0.6485899419877789,0.7545869798509938,0.017816084191135624,5.6,Corn,122,47850,3782,Low,Low,1
-0.2760502622529274,0.8640919534935091,1.2827916936932764,-1.3501404127170742,1.465749614635091,0.5054398679430467,7.1,Barley,110,70004,4070,Medium,Low,0
1.6233576709395134,-0.9831446226415038,-0.7925263662250767,0.4134451943754432,-0.4306840781225016,-0.9574314833126866,13.1,Sorghum,111,83340,2775,Very High,Very High,3
-0.6625384851807805,0.7930443928729317,1.2827916936932764,0.06072807295693968,0.7545869798509938,-1.201243375188642,6.5,Sorghum,112,59245,4144,Medium,Low,3
0.37140009410484376,-0.841049501400349,1.4557348653531392,-0.2919890484615638,0.7545869798509938,-1.4450552670645975,8.4,Soybean,108,62620,4104,High,Medium,4
-0.7781546202446683,1.2903773172169737,-0.9654695378849394,-1.3501404127170742,0.5175327682562947,0.26162797606709115,13.6,Sorghum,105,60904,2520,Medium,Very High,3
0.8768077702412671,-1.5515251076061232,-0.27369685124548837,1.7067413062432892,-1.1418467129065988,-1.688867158940553,6.5,Rice,116,60476,3248,High,Low,2
-1.1712494794618864,0.5799017110111995,-1.3113558812046648,0.8837346896001145,-1.3789009245012978,-0.22599580768481992,5.8,Barley,114,44526,2508,Low,Low,0
-0.5039792142360203,-1.338382425744391,-0.10075367958562559,0.17830044676310752,-0.4306840781225016,-0.713619591436731,9.8,Corn,110,40975,3190,Medium,Medium,1
0.4143432299857163,1.7877102415610155,1.4557348653531392,0.8837346896001145,0.7545869798509938,0.017816084191135624,8.0,Sorghum,124,101277,4712,High,Low,3
0.24257068646222604,-1.0541921832620813,-1.3113558812046648,-1.7028575341355776,1.2286954030403918,-0.9574314833126866,10.6,Barley,100,57289,2200,High,High,0
1.2632959931691203,-1.4094299863649684,0.7639621787136882,0.29587282056927533,1.70280382622979,-0.22599580768481992,13.0,Sorghum,122,69120,4148,Very High,Very High,3
-1.6403206560068022,-0.13057389519457477,-1.6572422245243905,0.5310175681816109,-0.6677382897172006,1.2368755435709133,6.4,Wheat,120,28872,2400,Low,Low,5
1.3161490834840404,-1.0541921832620813,-0.6195831945652139,0.17830044676310752,1.465749614635091,-0.713619591436731,10.8,Corn,118,76464,3068,Very High,High,1
-0.6427185763126855,1.361424877837551,0.24513266373409992,1.3540241848247858,0.5175327682562947,1.7244993273228244,10.1,Wheat,134,65379,4154,Medium,High,5
-0.8078844835468107,-1.6225726682267005,1.1098485220334138,1.4715965586309536,-0.6677382897172006,1.4806874354468689,6.4,Corn,129,33303,4644,Medium,Low,1
0.5068361380368265,-0.841049501400349,1.628678037013002,1.3540241848247858,0.5175327682562947,-0.713619591436731,11.2,Barley,124,65162,4836,High,High,0
-0.15052417275499216,1.0772346353552413,-0.9654695378849394,-0.056844300849228147,1.2286954030403918,1.4806874354468689,7.7,Soybean,124,75828,2976,Medium,Low,4
-1.5247045209429146,-1.6225726682267005,-1.1384127095448022,-0.5271337960738994,-0.6677382897172006,0.26162797606709115,9.9,Sorghum,107,22236,2461,Low,Medium,3
-1.1183963891469664,-0.34371657705630704,0.24513266373409992,1.1188794372124502,0.5175327682562947,0.26162797606709115,5.8,Sorghum,126,38571,3906,Low,Low,3
-1.6171974289940247,-1.6936202288472781,1.628678037013002,1.4715965586309536,0.9916411914456928,1.2368755435709133,9.6,Rice,135,20400,5265,Low,Medium,2
-0.8772541645851434,0.8640919534935091,1.2827916936932764,0.7661623157939467,-0.6677382897172006,0.26162797606709115,8.1,Wheat,118,54352,4366,Medium,Medium,5
-1.3198987959725992,-1.1252397438826587,1.1098485220334138,-0.2919890484615638,-1.1418467129065988,0.9930636516949578,13.2,Sorghum,110,28884,3960,Low,Very High,3
0.5299593650496041,-0.5568592589180393,1.4557348653531392,-1.7028575341355776,-0.1936298665278025,-0.46980769956077545,5.6,Barley,96,69828,3648,High,Low,0
1.0485803137647574,-1.1252397438826587,-0.27369685124548837,0.17830044676310752,-0.4306840781225016,-0.46980769956077545,9.2,Soybean,111,70470,3108,Very High,Medium,4
-0.9598371182022061,-0.9831446226415038,-1.1384127095448022,-1.1149956651047386,-0.9047925013118997,-0.713619591436731,9.6,Barley,97,36420,2231,Medium,Medium,0
-1.214192615342759,-0.6989543801591941,-1.4842990528645277,-1.3501404127170742,-1.3789009245012978,0.26162797606709115,12.3,Wheat,97,33920,2037,Low,Very High,5
-0.3123867618444349,-0.05952633457399735,-1.1384127095448022,0.5310175681816109,0.9916411914456928,0.5054398679430467,10.7,Rice,124,58619,2852,Medium,High,2
-1.1448229343044265,0.9351395141140866,-1.4842990528645277,0.06072807295693968,0.2804785566615956,0.017816084191135624,11.7,Sorghum,115,47937,2415,Low,High,3
-1.468548112483312,0.7219968322523542,0.7639621787136882,-0.056844300849228147,-1.615955136095997,-0.22599580768481992,12.8,Barley,105,38052,3570,Low,Very High,0
-1.2505291149342666,0.3667590291494672,-1.4842990528645277,1.3540241848247858,1.2286954030403918,-0.22599580768481992,13.6,Corn,129,41001,2709,Low,Very High,1
0.5762058190751591,0.4378065897700446,-1.1384127095448022,-0.056844300849228147,1.2286954030403918,-0.46980769956077545,8.1,Soybean,116,85760,2668,High,Medium,4
1.392125400811738,1.7166626809404382,-0.7925263662250767,-1.1149956651047386,0.7545869798509938,-0.713619591436731,10.4,Barley,104,129262,2600,Very High,High,0
0.4275565025644464,-1.4094299863649684,-0.6195831945652139,-0.056844300849228147,1.70280382622979,1.2368755435709133,13.4,Soybean,125,55458,3250,High,Very High,4
0.2921204586324636,1.361424877837551,-0.10075367958562559,-0.17441667465539598,1.465749614635091,-0.9574314833126866,14.9,Sorghum,114,91698,3306,High,Very High,3
0.41764654813039886,1.7877102415610155,1.4557348653531392,1.4715965586309536,-0.9047925013118997,-1.201243375188642,13.9,Corn,117,101376,4446,High,Very High,1
1.5506846717564984,-0.7700019407797716,1.4557348653531392,-0.5271337960738994,-1.615955136095997,-1.201243375188642,8.7,Rice,97,86121,3686,Very High,Medium,2
-0.25953367152951484,-0.9831446226415038,0.24513266373409992,-0.9974232912985708,1.2286954030403918,-0.46980769956077545,7.0,Rice,108,49140,3348,Medium,Low,2
-0.2529270352401498,-1.1252397438826587,-1.3113558812046648,-0.7622785436862352,-0.4306840781225016,1.7244993273228244,9.9,Corn,112,47618,2464,Medium,Medium,1
-1.3033822052491866,0.6509492716317768,0.4180758353939627,1.236451811018618,-0.9047925013118997,-0.9574314833126866,12.4,Soybean,116,41749,3712,Low,Very High,4
1.1674997669733276,-0.9120970620209264,1.2827916936932764,0.06072807295693968,-0.6677382897172006,0.9930636516949578,9.9,Sorghum,115,76311,4255,Very High,Medium,3
-0.8078844835468107,0.7219968322523542,-0.4466400229053511,-1.2325680389109064,-0.6677382897172006,0.9930636516949578,9.8,Barley,104,54852,2808,Medium,Medium,0
-0.8970740734532384,0.7219968322523542,0.7639621787136882,1.1188794372124502,0.2804785566615956,-0.46980769956077545,13.4,Corn,122,52584,4148,Medium,Very High,1
-1.2769556600917267,-1.6936202288472781,-1.6572422245243905,0.5310175681816109,-1.615955136095997,-1.201243375188642,8.6,Wheat,106,25550,2120,Low,Medium,5
0.03776496149191068,1.0772346353552413,-1.3113558812046648,1.5891689324371214,1.2286954030403918,1.7244993273228244,13.6,Soybean,139,80901,3058,High,Very High,4
-0.08445780986134203,-0.2016214558151522,-0.4466400229053511,-0.6447061698800672,-1.3789009245012978,-0.9574314833126866,9.1,Rice,98,61912,2646,Medium,Medium,2
-1.3198987959725992,0.29571146852888974,-1.1384127095448022,0.29587282056927533,1.2286954030403918,1.7244993273228244,8.3,Corn,128,38844,2944,Low,Medium,1
-1.1415196161597438,-1.196287304503236,0.9369053503735509,-1.467712786523242,-0.4306840781225016,0.26162797606709115,9.5,Rice,100,31464,3500,Low,Medium,2
1.1972296302754701,-0.9831446226415038,-0.10075367958562559,-0.2919890484615638,-0.6677382897172006,-0.713619591436731,12.6,Soybean,105,75600,3045,Very High,Very High,4
1.372305491943643,1.1482821959758187,0.24513266373409992,-0.5271337960738994,0.7545869798509938,1.2368755435709133,6.3,Rice,117,118170,3627,Very High,Low,2
1.312845765339358,0.8640919534935091,0.5910190070538255,0.17830044676310752,-0.1936298665278025,-0.22599580768481992,7.0,Corn,113,111370,3729,Very High,Low,1
1.2533860387350728,-0.7700019407797716,0.5910190070538255,1.7067413062432892,-1.1418467129065988,0.5054398679430467,14.5,Soybean,125,80451,4125,Very High,Very High,4
-0.5304057593934803,0.3667590291494672,-1.4842990528645277,1.7067413062432892,-1.1418467129065988,-1.4450552670645975,6.8,Wheat,117,58223,2457,Medium,Low,5
0.6852153178496818,0.7219968322523542,-0.9654695378849394,0.7661623157939467,0.5175327682562947,1.4806874354468689,10.7,Corn,128,92820,3072,High,High,1
1.0684002226328524,-0.2726690164357296,-0.9654695378849394,-0.2919890484615638,-1.3789009245012978,1.4806874354468689,10.8,Barley,111,85470,2664,Very High,High,0
-1.1084864347129189,0.8640919534935091,-0.7925263662250767,-1.1149956651047386,1.2286954030403918,-0.713619591436731,9.9,Sorghum,106,48332,2650,Low,Medium,3
0.7314617718752369,-1.4094299863649684,0.4180758353939627,0.17830044676310752,-1.1418467129065988,0.26162797606709115,11.4,Corn,111,60426,3552,High,High,1
1.5143481721649907,-0.41476413767688447,-0.27369685124548837,1.3540241848247858,0.5175327682562947,0.7492517598190023,7.3,Soybean,130,92208,3640,Very High,Low,4
0.6026323642326191,-0.7700019407797716,0.7639621787136882,-0.2919890484615638,-1.615955136095997,-1.201243375188642,10.5,Sorghum,99,68040,3366,High,High,3
1.6431775798076085,0.08256878666715749,0.5910190070538255,0.4134451943754432,-0.6677382897172006,1.4806874354468689,8.7,Corn,120,104625,3960,Very High,Medium,1
-1.115093071002284,-1.4804775469855458,-0.6195831945652139,0.6485899419877789,1.465749614635091,0.26162797606709115,11.6,Wheat,126,29680,3276,Low,High,5
0.2689972316196861,0.011521226046580067,1.628678037013002,0.4134451943754432,1.70280382622979,1.4806874354468689,6.4,Wheat,130,72446,5070,High,Low,5
0.9990305415945199,1.4324724384581284,-1.4842990528645277,-0.6447061698800672,0.9916411914456928,0.7492517598190023,10.7,Barley,115,112800,2415,High,High,0
-0.33220667071252996,1.2193297565963963,-0.6195831945652139,-1.467712786523242,-0.6677382897172006,1.7244993273228244,6.9,Rice,105,72527,2730,Medium,Low,2
-0.7319081662191131,0.011521226046580067,-0.7925263662250767,-0.17441667465539598,0.9916411914456928,-0.46980769956077545,7.8,Sorghum,114,50024,2850,Medium,Low,3
1.0485803137647574,-0.4858116982974619,1.1098485220334138,1.236451811018618,0.7545869798509938,-0.9574314833126866,7.2,Soybean,123,81405,4428,Very High,Low,4
1.3789121282330081,1.0772346353552413,-1.4842990528645277,0.4134451943754432,-0.1936298665278025,-0.22599580768481992,6.8,Soybean,115,117035,2415,Very High,Low,4
0.01794505262381564,-1.196287304503236,-1.3113558812046648,-1.2325680389109064,-0.9047925013118997,0.017816084191135624,13.3,Rice,99,51471,2178,High,Very High,2
1.312845765339358,1.006187074734664,-0.9654695378849394,1.5891689324371214,-1.1418467129065988,-0.46980769956077545,7.9,Wheat,120,113960,2880,Very High,Low,5
-0.352026579580625,1.0772346353552413,-0.9654695378849394,-1.2325680389109064,-1.615955136095997,-0.713619591436731,14.3,Wheat,93,70399,2232,Medium,Very High,5
-1.200979342764029,-0.7700019407797716,-1.6572422245243905,0.5310175681816109,0.9916411914456928,-0.46980769956077545,14.7,Corn,120,33642,2400,Low,Very High,1
-1.0027802540830786,0.508854150390622,-0.4466400229053511,0.17830044676310752,1.70280382622979,-0.713619591436731,10.7,Barley,119,48114,3213,Low,High,0
-0.32229671627848244,0.9351395141140866,0.24513266373409992,0.6485899419877789,0.04342434506689656,0.017816084191135624,6.4,Sorghum,119,69600,3689,Medium,Low,3
0.4671963203006364,0.5799017110111995,-1.1384127095448022,-0.6447061698800672,1.2286954030403918,-1.688867158940553,8.7,Barley,106,85198,2438,High,Medium,0
-1.5379177935216446,-0.13057389519457477,0.4180758353939627,-1.2325680389109064,-1.1418467129065988,0.7492517598190023,13.0,Barley,101,31104,3232,Low,Very High,0
0.6257555912453967,-0.6989543801591941,0.7639621787136882,-1.3501404127170742,1.2286954030403918,-0.22599580768481992,8.7,Corn,106,69568,3604,High,Medium,1
-0.1274009457422146,0.5799017110111995,0.07218949207423717,-1.1149956651047386,1.70280382622979,1.7244993273228244,5.9,Barley,118,70438,3540,Medium,Low,0
1.5077415358756256,0.011521226046580067,-0.10075367958562559,1.236451811018618,-1.3789009245012978,0.5054398679430467,10.6,Rice,120,100196,3480,Very High,High,2
1.2699026294584854,-0.5568592589180393,-1.3113558812046648,-1.3501404127170742,0.7545869798509938,0.5054398679430467,13.5,Corn,107,84612,2354,Very High,Very High,1
-0.09436776429538955,0.5799017110111995,0.5910190070538255,1.7067413062432892,-0.9047925013118997,0.7492517598190023,13.0,Rice,127,71258,4191,Medium,Very High,2
-0.4081829880402276,1.5745675596992834,0.9369053503735509,-0.9974232912985708,-1.1418467129065988,-1.4450552670645975,6.8,Corn,94,74304,3290,Medium,Low,1
-1.5742542931131522,-1.6225726682267005,-0.10075367958562559,-0.9974232912985708,1.2286954030403918,1.7244993273228244,11.7,Barley,117,21471,3393,Low,High,0
0.830561316215712,-0.7700019407797716,-0.10075367958562559,0.29587282056927533,-1.615955136095997,1.4806874354468689,7.2,Rice,115,72387,3335,High,Low,2
0.5662958646411116,1.0772346353552413,0.24513266373409992,-1.467712786523242,-1.1418467129065988,0.26162797606709115,7.2,Rice,97,95141,3007,High,Low,2
-1.521401202798232,1.0772346353552413,-0.27369685124548837,-1.7028575341355776,0.9916411914456928,-1.688867158940553,13.7,Rice,96,38893,2688,Low,Very High,2
-0.8871641190191909,1.006187074734664,-1.6572422245243905,1.0013070634062824,-1.3789009245012978,0.7492517598190023,7.5,Corn,119,55352,2380,Medium,Low,1
-0.44121616948705267,-1.338382425744391,-0.9654695378849394,1.1188794372124502,0.04342434506689656,0.5054398679430467,7.6,Soybean,125,42020,3000,Medium,Low,4
0.2128408231600835,-1.338382425744391,1.628678037013002,-1.3501404127170742,-0.4306840781225016,-0.46980769956077545,5.0,Barley,98,52910,3822,High,Low,0
-0.20007394492522973,-1.5515251076061232,-0.4466400229053511,-1.1149956651047386,0.2804785566615956,0.26162797606709115,13.7,Rice,106,43524,2862,Medium,Very High,2
0.9164475879774572,-1.2673348651238134,0.07218949207423717,-0.7622785436862352,0.04342434506689656,-1.688867158940553,12.9,Sorghum,100,65800,3000,High,Very High,3
-0.7120882573510181,-1.196287304503236,0.24513266373409992,0.7661623157939467,0.5175327682562947,-0.9574314833126866,11.3,Soybean,118,38874,3658,Medium,High,4
-1.5577377023897396,1.2193297565963963,-1.6572422245243905,-0.17441667465539598,-1.1418467129065988,-0.9574314833126866,12.5,Sorghum,103,38766,2060,Low,Very High,3
-0.900377391597921,-0.6989543801591941,1.628678037013002,1.4715965586309536,-0.6677382897172006,1.7244993273228244,6.5,Barley,130,40000,5070,Medium,Low,0
-0.7319081662191131,1.5745675596992834,0.07218949207423717,-0.4095614222677316,-0.1936298665278025,0.26162797606709115,9.6,Barley,110,64896,3300,Medium,Medium,0
0.9891205871604724,0.29571146852888974,-0.9654695378849394,1.4715965586309536,-0.6677382897172006,0.7492517598190023,8.5,Rice,126,93366,3024,High,Medium,2
0.3647934578154787,0.5799017110111995,0.7639621787136882,1.1188794372124502,0.04342434506689656,-0.713619591436731,5.9,Rice,120,82656,4080,High,Low,2
-0.7087849392063357,0.3667590291494672,-0.9654695378849394,0.5310175681816109,0.9916411914456928,-0.713619591436731,9.9,Corn,119,53957,2856,Medium,Medium,1
1.2566893568797552,1.006187074734664,0.24513266373409992,1.0013070634062824,-0.6677382897172006,-0.46980769956077545,14.2,Soybean,117,112464,3627,Very High,Very High,4
1.5242581265990383,0.1536163472877349,-0.9654695378849394,1.1188794372124502,-1.615955136095997,-1.688867158940553,5.4,Soybean,109,103284,2616,Very High,Low,4
-0.05803126470388199,0.7930443928729317,1.1098485220334138,-1.3501404127170742,-0.6677382897172006,-1.688867158940553,7.9,Rice,92,74800,3312,Medium,Low,2
-0.15052417275499216,0.29571146852888974,1.1098485220334138,0.6485899419877789,-0.9047925013118997,1.7244993273228244,7.1,Barley,122,66456,4392,Medium,Low,0
1.09152344964563,0.9351395141140866,0.24513266373409992,1.7067413062432892,-0.4306840781225016,0.26162797606709115,7.4,Rice,127,106836,3937,Very High,Low,2
1.0485803137647574,0.5799017110111995,0.7639621787136882,1.0013070634062824,-1.1418467129065988,-1.201243375188642,14.1,Barley,112,99630,3808,Very High,Very High,0
0.5299593650496041,0.8640919534935091,0.7639621787136882,-0.4095614222677316,1.70280382622979,-0.9574314833126866,9.7,Barley,113,90988,3842,High,Medium,0
0.05758487036000571,0.1536163472877349,-0.7925263662250767,-0.6447061698800672,0.7545869798509938,-1.688867158940553,9.7,Rice,104,69540,2600,High,Medium,2
0.1599877328451634,0.5799017110111995,0.24513266373409992,1.7067413062432892,-0.6677382897172006,0.26162797606709115,12.6,Wheat,126,77572,3906,High,Very High,5
-1.012690208517126,-1.4804775469855458,1.628678037013002,0.7661623157939467,-1.3789009245012978,1.7244993273228244,6.5,Soybean,121,31323,4719,Low,Low,4
-1.4850647032067246,-0.2016214558151522,1.2827916936932764,1.4715965586309536,0.7545869798509938,0.017816084191135624,9.9,Sorghum,129,31808,4773,Low,Medium,3
0.04437159778127569,-1.6225726682267005,0.5910190070538255,-0.9974232912985708,-0.4306840781225016,-1.4450552670645975,9.3,Barley,97,46461,3201,High,Medium,0
-1.5907708838365646,-1.0541921832620813,-1.4842990528645277,-1.467712786523242,1.2286954030403918,0.017816084191135624,11.0,Barley,106,24544,2226,Low,High,0
-1.0787565714107763,-1.4094299863649684,-0.27369685124548837,0.8837346896001145,1.70280382622979,1.7244993273228244,15.0,Wheat,135,30834,3780,Low,Very High,5
-0.920197300466016,-1.0541921832620813,-0.9654695378849394,1.4715965586309536,0.9916411914456928,-0.22599580768481992,12.7,Sorghum,129,36521,3096,Medium,Very High,3
-1.1250030254363315,0.5799017110111995,1.628678037013002,-0.17441667465539598,-0.4306840781225016,0.7492517598190023,9.0,Corn,113,45674,4407,Low,Medium,1
-0.07124453728261201,0.9351395141140866,-1.6572422245243905,1.0013070634062824,-0.6677382897172006,-0.46980769956077545,13.3,Wheat,117,76212,2340,Medium,Very High,5
-1.494974657640772,-0.841049501400349,-1.3113558812046648,-0.6447061698800672,-0.4306840781225016,-1.688867158940553,6.7,Sorghum,99,27590,2178,Low,Low,3
-0.4147896243295926,0.4378065897700446,-0.7925263662250767,0.06072807295693968,0.7545869798509938,1.7244993273228244,5.3,Wheat,124,61760,3100,Medium,Low,5
0.06419150664937072,1.5745675596992834,-0.9654695378849394,0.06072807295693968,-0.1936298665278025,-0.22599580768481992,7.0,Barley,112,88032,2688,High,Low,0
-1.3198987959725992,0.7930443928729317,-0.9654695378849394,0.7661623157939467,0.9916411914456928,0.5054398679430467,8.4,Soybean,126,42330,3024,Low,Medium,4
1.299632492760628,1.4324724384581284,-1.6572422245243905,-0.6447061698800672,-0.6677382897172006,-0.22599580768481992,10.1,Wheat,104,121354,2080,Very High,High,5
0.8140447254922996,-0.05952633457399735,1.1098485220334138,1.1188794372124502,-1.615955136095997,1.2368755435709133,11.2,Corn,121,83512,4356,High,High,1
-1.5247045209429146,-0.6989543801591941,1.4557348653531392,-0.2919890484615638,0.04342434506689656,1.4806874354468689,14.1,Rice,117,27904,4446,Low,Very High,2
-0.7219982117850656,0.29571146852888974,0.5910190070538255,-1.1149956651047386,-0.9047925013118997,0.26162797606709115,10.1,Sorghum,101,52962,3333,Medium,High,3
-0.49406925980197275,-1.196287304503236,0.24513266373409992,-0.4095614222677316,0.2804785566615956,-1.688867158940553,10.0,Wheat,104,42636,3224,Medium,Medium,5
-0.005178174388961898,-1.4094299863649684,-0.10075367958562559,-0.7622785436862352,1.465749614635091,-1.4450552670645975,5.5,Wheat,107,48384,3103,Medium,Low,5
-0.6493252126020506,0.29571146852888974,1.628678037013002,-0.2919890484615638,0.5175327682562947,0.7492517598190023,5.3,Corn,116,54678,4524,Medium,Low,1
-1.0490267081086337,1.5745675596992834,1.2827916936932764,-1.3501404127170742,0.9916411914456928,0.26162797606709115,10.5,Soybean,107,55680,3959,Low,High,4
0.35818682152611375,-1.4804775469855458,0.07218949207423717,1.0013070634062824,-0.4306840781225016,1.2368755435709133,9.4,Wheat,125,53318,3750,High,Medium,5
-1.3198987959725992,-0.9120970620209264,-1.4842990528645277,-0.5271337960738994,-1.615955136095997,0.26162797606709115,13.4,Wheat,103,30378,2163,Low,Very High,5
0.6653954089815868,1.4324724384581284,1.2827916936932764,0.5310175681816109,-1.1418467129065988,1.2368755435709133,6.6,Soybean,118,103306,4366,High,Low,4
1.633267625373561,-1.6225726682267005,-0.6195831945652139,0.29587282056927533,-1.1418467129065988,-0.46980769956077545,5.2,Corn,109,70992,2834,Very High,Low,1
-1.2637423875129965,0.1536163472877349,0.7639621787136882,1.236451811018618,0.5175327682562947,-0.46980769956077545,9.5,Sorghum,124,39140,4216,Low,Medium,3
-1.0159935266618088,0.4378065897700446,0.07218949207423717,-0.5271337960738994,0.9916411914456928,-0.9574314833126866,7.4,Sorghum,109,47200,3270,Low,Low,3
-0.8111878016914933,0.7930443928729317,1.2827916936932764,1.1188794372124502,0.9916411914456928,-0.9574314833126866,5.5,Wheat,123,55420,4551,Medium,Low,5
1.5936278076373709,0.7930443928729317,0.24513266373409992,0.6485899419877789,-0.9047925013118997,-0.713619591436731,12.2,Soybean,112,117300,3472,Very High,Very High,4
1.4185519459691982,0.08256878666715749,-0.7925263662250767,-1.3501404127170742,-0.4306840781225016,-1.201243375188642,6.1,Wheat,95,99525,2375,Very High,Low,5
1.600234443926736,1.2903773172169737,1.628678037013002,0.29587282056927533,1.70280382622979,-1.688867158940553,11.1,Rice,116,127144,4524,Very High,High,2
-1.115093071002284,0.1536163472877349,0.4180758353939627,-1.7028575341355776,-0.1936298665278025,1.7244993273228244,7.8,Sorghum,105,42560,3360,Low,Low,3
-0.8012778472574458,-1.4094299863649684,1.628678037013002,1.3540241848247858,0.5175327682562947,-1.688867158940553,6.7,Barley,120,35370,4680,Medium,Low,0
-0.5799555315637179,-0.34371657705630704,0.9369053503735509,-0.9974232912985708,-0.9047925013118997,0.9930636516949578,8.8,Rice,105,49818,3675,Medium,Medium,2
-1.2241025697768064,-0.9831446226415038,1.2827916936932764,-1.1149956651047386,-0.4306840781225016,1.7244993273228244,13.0,Wheat,109,31620,4033,Low,Very High,5
-1.5874675656918822,-1.0541921832620813,-0.10075367958562559,-0.056844300849228147,0.7545869798509938,1.2368755435709133,8.9,Corn,121,24603,3509,Low,Medium,1
0.9726039964370599,1.0772346353552413,-0.4466400229053511,0.29587282056927533,-1.615955136095997,-0.22599580768481992,12.5,Sorghum,108,106088,2916,High,Very High,3
0.7810115440454745,0.9351395141140866,1.2827916936932764,1.0013070634062824,1.465749614635091,-1.688867158940553,6.3,Barley,121,98658,4477,High,Low,0
0.222750777594131,-1.338382425744391,-1.6572422245243905,-0.5271337960738994,0.04342434506689656,-1.688867158940553,12.7,Rice,102,53075,2040,High,Very High,2
0.235964050172861,-1.196287304503236,-0.4466400229053511,0.5310175681816109,-0.1936298665278025,-1.201243375188642,7.4,Sorghum,112,55233,3024,High,Low,3
-0.5799555315637179,-0.13057389519457477,-0.7925263662250767,1.0013070634062824,1.70280382622979,0.5054398679430467,11.8,Soybean,131,51984,3275,Medium,High,4
1.2335661298669778,1.5745675596992834,-0.9654695378849394,-0.056844300849228147,0.7545869798509938,1.7244993273228244,10.7,Corn,123,122016,2952,Very High,High,1
0.6191489549560317,0.08256878666715749,0.7639621787136882,0.06072807295693968,0.7545869798509938,-0.9574314833126866,14.3,Rice,113,81375,3842,High,Very High,2
0.9693006782923773,1.5035199990787058,0.7639621787136882,-0.9974232912985708,0.2804785566615956,-0.9574314833126866,8.9,Soybean,102,113145,3468,High,Medium,4
0.42094986627508135,1.2903773172169737,-1.4842990528645277,0.6485899419877789,-1.1418467129065988,-1.4450552670645975,5.7,Wheat,108,94300,2268,High,Low,5
-0.6955716666276056,-0.9120970620209264,-1.6572422245243905,-0.6447061698800672,-1.3789009245012978,-1.688867158940553,5.2,Soybean,95,41907,1900,Medium,Low,4
1.4681017181394358,0.08256878666715749,0.07218949207423717,1.236451811018618,-1.615955136095997,-1.201243375188642,13.3,Rice,112,100650,3360,Very High,Very High,2
1.1741064032626927,-0.841049501400349,-0.10075367958562559,-0.4095614222677316,-1.1418467129065988,0.7492517598190023,10.2,Rice,108,77686,3132,Very High,High,2
0.543172637628334,1.0772346353552413,1.2827916936932764,1.0013070634062824,-0.6677382897172006,-0.9574314833126866,12.8,Wheat,115,94518,4255,High,Very High,5
1.5308647628884033,-0.4858116982974619,1.2827916936932764,-0.17441667465539598,1.465749614635091,-1.201243375188642,7.3,Soybean,113,91187,4181,Very High,Low,4
0.4638930021559539,0.011521226046580067,1.1098485220334138,1.1188794372124502,0.7545869798509938,0.017816084191135624,8.5,Soybean,126,76812,4536,High,Medium,4
-1.134912979870379,0.5799017110111995,-0.4466400229053511,-1.2325680389109064,-1.3789009245012978,1.4806874354468689,5.3,Wheat,103,45428,2781,Low,Low,5
-0.028301401401739437,1.5745675596992834,0.7639621787136882,1.236451811018618,0.9916411914456928,0.5054398679430467,14.6,Soybean,130,85344,4420,Medium,Very High,4
-0.37184648844872004,1.0772346353552413,-0.4466400229053511,0.6485899419877789,-1.1418467129065988,-1.688867158940553,11.7,Sorghum,107,69865,2889,Medium,High,3
1.6101443983607835,1.2903773172169737,1.1098485220334138,0.29587282056927533,1.70280382622979,1.4806874354468689,14.3,Wheat,129,127420,4644,Very High,Very High,5
0.9461774512795997,-0.9120970620209264,0.24513266373409992,-1.2325680389109064,1.70280382622979,-1.4450552670645975,7.7,Corn,104,72224,3224,High,Low,1
-1.3033822052491866,1.361424877837551,-0.4466400229053511,-1.467712786523242,1.70280382622979,1.2368755435709133,11.1,Rice,113,46779,3051,Low,High,2
1.4218552641138806,0.7930443928729317,0.5910190070538255,0.8837346896001145,-0.9047925013118997,-0.22599580768481992,11.8,Corn,116,112880,3828,Very High,High,1
-0.3487232614359425,1.6456151203198608,-1.1384127095448022,1.236451811018618,-0.1936298665278025,-0.9574314833126866,8.2,Sorghum,119,76824,2737,Medium,Medium,3
1.032063723041345,-1.4804775469855458,-1.6572422245243905,-1.2325680389109064,1.2286954030403918,0.017816084191135624,13.5,Sorghum,108,64130,2160,Very High,Very High,3
-0.8343110287042709,-1.4094299863649684,-1.6572422245243905,1.0013070634062824,-1.1418467129065988,0.7492517598190023,14.5,Barley,120,34830,2400,Medium,Very High,0
-1.0655432988320463,0.8640919534935091,1.4557348653531392,0.17830044676310752,1.70280382622979,1.2368755435709133,13.8,Barley,127,49450,4826,Low,Very High,0
-1.5180978846535496,-1.196287304503236,0.9369053503735509,0.4134451943754432,0.2804785566615956,-1.201243375188642,12.4,Barley,113,24966,3955,Low,Very High,0
-0.07124453728261201,1.2193297565963963,0.5910190070538255,0.4134451943754432,0.04342434506689656,-0.46980769956077545,7.8,Wheat,115,79716,3795,Medium,Low,5
0.6059356823773017,1.7166626809404382,0.9369053503735509,1.1188794372124502,-0.9047925013118997,0.26162797606709115,7.8,Soybean,120,105938,4200,High,Low,4
0.8602911795178546,0.22466390790831234,-0.9654695378849394,0.6485899419877789,1.2286954030403918,-1.688867158940553,14.6,Sorghum,117,89166,2808,High,Very High,3
0.13025786954302085,0.4378065897700446,-0.27369685124548837,-0.4095614222677316,-1.615955136095997,-1.688867158940553,5.1,Corn,96,74960,2688,High,Low,1
1.2170495391435652,-1.1252397438826587,-1.4842990528645277,1.1188794372124502,-1.615955136095997,0.017816084191135624,12.2,Corn,116,73428,2436,Very High,Very High,1
1.0551869500541224,0.29571146852888974,1.2827916936932764,1.5891689324371214,-1.615955136095997,-1.201243375188642,12.1,Corn,115,94926,4255,Very High,Very High,1
1.3954287189564205,-0.7700019407797716,-0.7925263662250767,-0.7622785436862352,-1.615955136095997,-0.713619591436731,11.2,Corn,97,83160,2425,Very High,High,1
-0.2991734892657049,1.0772346353552413,-0.27369685124548837,-1.7028575341355776,0.04342434506689656,-1.688867158940553,14.9,Barley,92,71823,2576,Medium,Very High,0
0.08731473366214826,1.1482821959758187,-1.6572422245243905,0.29587282056927533,-1.1418467129065988,-0.713619591436731,8.1,Corn,108,83160,2160,High,Medium,1
1.0882201315009474,-0.2016214558151522,-0.27369685124548837,0.6485899419877789,1.70280382622979,0.7492517598190023,8.4,Soybean,129,87117,3612,Very High,Medium,4
0.024551688913180655,-0.9831446226415038,0.9369053503735509,-1.3501404127170742,-0.4306840781225016,-0.46980769956077545,5.8,Barley,98,54300,3430,High,Low,0
1.3359689923521354,-0.13057389519457477,0.4180758353939627,-0.6447061698800672,-1.1418467129065988,0.017816084191135624,9.4,Corn,103,93744,3296,Very High,Medium,1
1.0783101770669,-1.6936202288472781,-0.27369685124548837,1.1188794372124502,0.7545869798509938,1.2368755435709133,7.6,Wheat,131,61200,3668,Very High,Low,5
-1.528007839087597,1.5035199990787058,0.4180758353939627,-0.9974232912985708,-0.6677382897172006,1.4806874354468689,8.4,Rice,108,41325,3456,Low,Medium,2
0.6158456368113492,0.8640919534935091,-0.27369685124548837,0.7661623157939467,1.2286954030403918,-1.201243375188642,13.3,Rice,120,93224,3360,High,Very High,2
-1.580860929402517,-0.2726690164357296,0.07218949207423717,0.8837346896001145,1.70280382622979,-1.201243375188642,14.4,Rice,123,29330,3690,Low,Very High,2
-0.5865621678530829,0.08256878666715749,-1.1384127095448022,-1.7028575341355776,1.465749614635091,0.9930636516949578,6.9,Barley,109,54000,2507,Medium,Low,0
0.9164475879774572,1.5035199990787058,-1.4842990528645277,0.17830044676310752,1.2286954030403918,0.7492517598190023,8.7,Corn,123,111625,2583,High,Medium,1
0.04437159778127569,0.7930443928729317,-0.7925263662250767,1.0013070634062824,1.70280382622979,0.7492517598190023,14.3,Sorghum,132,77435,3300,High,Very High,3
-0.325600034423165,-0.13057389519457477,0.5910190070538255,1.5891689324371214,-0.1936298665278025,0.5054398679430467,5.6,Sorghum,128,57528,4224,Medium,Low,3
0.5134427743261916,-1.6936202288472781,-1.1384127095448022,1.5891689324371214,-1.3789009245012978,0.26162797606709115,5.9,Sorghum,122,52650,2806,High,Low,3
1.5638979443352283,1.0772346353552413,-0.7925263662250767,-1.5852851603294098,-0.4306840781225016,-0.9574314833126866,6.6,Barley,94,122019,2350,Very High,Low,0
1.2699026294584854,-0.6989543801591941,1.4557348653531392,1.4715965586309536,1.2286954030403918,1.7244993273228244,11.0,Soybean,138,82048,5244,Very High,High,4
-0.09106444615070705,-0.2726690164357296,-0.7925263662250767,1.236451811018618,-0.4306840781225016,-0.9574314833126866,6.5,Wheat,118,60900,2950,Medium,Low,5
-1.174552797606569,1.5745675596992834,-1.4842990528645277,-0.5271337960738994,0.7545869798509938,0.9930636516949578,14.7,Wheat,116,52032,2436,Low,Very High,5
-1.3430220229853767,-1.1252397438826587,1.2827916936932764,-0.7622785436862352,-1.1418467129065988,-0.22599580768481992,9.5,Rice,101,28478,3737,Low,Medium,2
-0.4775526690785602,-1.1252397438826587,0.4180758353939627,-0.9974232912985708,-0.4306840781225016,-1.4450552670645975,10.0,Rice,97,43674,3104,Medium,Medium,2
1.1080400403690425,-1.0541921832620813,-0.27369685124548837,0.7661623157939467,0.5175327682562947,0.017816084191135624,7.5,Sorghum,122,72747,3416,Very High,Low,3
0.9957272234498373,0.08256878666715749,1.4557348653531392,0.17830044676310752,0.5175327682562947,-0.46980769956077545,9.7,Sorghum,115,89925,4370,High,Medium,3
0.7545849988880144,1.1482821959758187,0.4180758353939627,0.17830044676310752,1.465749614635091,-1.201243375188642,11.6,Rice,116,101340,3712,High,High,2
1.5209548084543558,0.7219968322523542,0.07218949207423717,-1.5852851603294098,-0.6677382897172006,0.26162797606709115,12.5,Corn,98,114072,2940,Very High,Very High,1
1.1741064032626927,0.011521226046580067,-1.6572422245243905,-1.1149956651047386,0.9916411914456928,-0.713619591436731,12.5,Soybean,105,92722,2100,Very High,Very High,4
-1.4784580669173595,0.08256878666715749,-0.6195831945652139,-0.17441667465539598,-1.3789009245012978,0.017816084191135624,10.8,Soybean,106,33750,2756,Low,High,4
0.5497792739176991,-0.9831446226415038,0.7639621787136882,-1.1149956651047386,0.2804785566615956,-0.22599580768481992,14.0,Soybean,104,63840,3536,High,Very High,4
0.6587887726922218,0.9351395141140866,-1.6572422245243905,-1.5852851603294098,0.04342434506689656,1.4806874354468689,13.2,Soybean,106,95439,2120,High,Very High,4
0.25248064089627353,-1.6225726682267005,0.24513266373409992,-1.7028575341355776,-1.1418467129065988,0.017816084191135624,12.6,Rice,94,49674,2914,High,Very High,2
-1.0192968448064912,-1.2673348651238134,-0.6195831945652139,-0.6447061698800672,0.04342434506689656,-0.22599580768481992,5.6,Wheat,107,32984,2782,Low,Low,5
-1.234012524210854,-0.4858116982974619,0.7639621787136882,0.6485899419877789,1.465749614635091,-1.201243375188642,5.1,Rice,120,35108,4080,Low,Low,2
-1.1514295705937914,0.1536163472877349,1.4557348653531392,-1.2325680389109064,0.2804785566615956,-1.4450552670645975,7.1,Soybean,98,41724,3724,Low,Low,4
-0.6096853948658605,0.6509492716317768,-1.6572422245243905,-1.5852851603294098,1.465749614635091,-0.22599580768481992,11.6,Rice,105,59179,2100,Medium,High,2
0.235964050172861,0.1536163472877349,1.1098485220334138,0.7661623157939467,1.70280382622979,-1.201243375188642,9.1,Soybean,122,73644,4392,High,Medium,4
-0.5171924868147503,-0.5568592589180393,1.1098485220334138,0.06072807295693968,-1.1418467129065988,-1.201243375188642,9.0,Barley,104,48906,3744,Medium,Medium,0
-0.639415258168003,1.2903773172169737,-1.3113558812046648,1.1188794372124502,-1.1418467129065988,-1.4450552670645975,13.8,Sorghum,112,64768,2464,Medium,Very High,3
0.6389688638241268,1.361424877837551,0.24513266373409992,-1.5852851603294098,-1.3789009245012978,-0.9574314833126866,14.0,Wheat,90,101463,2790,High,Very High,5
0.6059356823773017,-0.05952633457399735,-0.7925263662250767,-0.6447061698800672,0.04342434506689656,0.017816084191135624,14.1,Barley,108,78913,2700,High,Very High,0
1.1212533129477726,0.011521226046580067,0.07218949207423717,-1.5852851603294098,0.5175327682562947,0.9930636516949578,8.1,Corn,106,91538,3180,Very High,Medium,1
0.9395708149902348,-1.2673348651238134,-1.3113558812046648,0.06072807295693968,-1.615955136095997,-1.688867158940553,11.9,Rice,100,66192,2200,High,High,2
-1.468548112483312,-1.338382425744391,-0.4466400229053511,0.06072807295693968,0.04342434506689656,-1.688867158940553,7.7,Corn,107,24915,2889,Low,Low,1
-0.1802540360571347,-0.05952633457399735,0.5910190070538255,0.4134451943754432,-0.1936298665278025,0.9930636516949578,6.9,Rice,120,61539,3960,Medium,Low,2
0.3780067303942088,0.5799017110111995,0.5910190070538255,1.5891689324371214,1.465749614635091,1.4806874354468689,6.8,Sorghum,139,82984,4587,High,Low,3
1.633267625373561,1.7166626809404382,-0.10075367958562559,-0.9974232912985708,-0.1936298665278025,-0.713619591436731,8.4,Barley,101,136416,2929,Very High,Medium,0
-0.7748513020999858,0.29571146852888974,-1.4842990528645277,0.7661623157939467,-1.1418467129065988,0.7492517598190023,9.3,Sorghum,118,51714,2478,Medium,Medium,3
-1.4718514306279944,1.2903773172169737,0.5910190070538255,-0.4095614222677316,-1.615955136095997,-0.713619591436731,13.3,Soybean,100,41584,3300,Low,Very High,4
0.24257068646222604,-0.2016214558151522,-0.27369685124548837,1.0013070634062824,-0.9047925013118997,0.7492517598190023,6.2,Sorghum,121,68941,3388,High,Low,3
0.4011299574069863,0.08256878666715749,-1.3113558812046648,-0.056844300849228147,0.2804785566615956,0.9930636516949578,12.3,Sorghum,118,76425,2596,High,Very High,3
-1.6304107015727547,0.22466390790831234,-0.4466400229053511,-0.879850917492403,-0.6677382897172006,-1.688867158940553,10.3,Soybean,96,31108,2592,Low,High,4
-1.3066855233938692,1.7877102415610155,0.9369053503735509,-1.1149956651047386,-1.615955136095997,-0.46980769956077545,7.9,Rice,95,49698,3325,Low,Low,2
-0.9994769359383961,-0.2726690164357296,-1.4842990528645277,1.4715965586309536,1.70280382622979,-1.688867158940553,9.9,Soybean,126,41650,2646,Low,Medium,4
0.9098409516880922,1.7166626809404382,-0.7925263662250767,1.3540241848247858,-0.6677382897172006,-0.713619591436731,8.0,Barley,119,114954,2975,High,Low,0
1.2500827205903904,-1.2673348651238134,0.24513266373409992,-0.6447061698800672,1.2286954030403918,0.26162797606709115,11.0,Sorghum,114,71456,3534,Very High,High,3
1.6299643072288785,-0.5568592589180393,-0.9654695378849394,-1.467712786523242,0.04342434506689656,0.9930636516949578,9.3,Soybean,105,91806,2520,Very High,Medium,4
1.2732059476031679,-0.34371657705630704,-1.4842990528645277,0.4134451943754432,0.04342434506689656,1.4806874354468689,6.6,Sorghum,123,88527,2583,Very High,Low,3
-0.49076594165729026,1.1482821959758187,0.9369053503735509,0.17830044676310752,-0.6677382897172006,-0.713619591436731,6.2,Barley,109,67410,3815,Medium,Low,0
-1.4916713394960894,1.7166626809404382,-0.9654695378849394,-0.9974232912985708,0.9916411914456928,-0.46980769956077545,10.5,Corn,107,43708,2568,Low,High,1
1.2170495391435652,-0.34371657705630704,0.7639621787136882,0.6485899419877789,0.2804785566615956,0.017816084191135624,14.0,Barley,120,87354,4080,Very High,Very High,0
1.071703540777535,-0.2016214558151522,0.24513266373409992,0.5310175681816109,1.70280382622979,0.7492517598190023,8.4,Wheat,128,86762,3968,Very High,Medium,5
1.444978491126658,0.22466390790831234,-1.1384127095448022,1.236451811018618,-1.615955136095997,-1.688867158940553,12.3,Wheat,110,102795,2530,Very High,Very High,5
1.0617935863434875,1.0772346353552413,0.7639621787136882,-1.3501404127170742,-0.9047925013118997,1.4806874354468689,11.6,Wheat,104,108491,3536,Very High,High,5
0.5200494106155565,1.7166626809404382,0.07218949207423717,-0.17441667465539598,-1.1418467129065988,-1.4450552670645975,14.3,Sorghum,101,103390,3030,High,Very High,3
-0.7583347113765733,-1.2673348651238134,0.9369053503735509,0.5310175681816109,-1.3789009245012978,0.26162797606709115,13.2,Rice,113,37408,3955,Medium,Very High,2
-0.4246995787636401,-1.6936202288472781,-0.7925263662250767,0.7661623157939467,1.70280382622979,-1.201243375188642,10.7,Rice,122,38450,3050,Medium,High,2
0.4539830477219064,0.508854150390622,0.5910190070538255,-0.056844300849228147,0.04342434506689656,-0.46980769956077545,11.6,Rice,111,83835,3663,High,High,2
-1.2967755689598217,-0.841049501400349,1.2827916936932764,1.0013070634062824,-0.1936298665278025,-0.713619591436731,14.0,Sorghum,118,31310,4366,Low,Very High,3
0.5662958646411116,0.3667590291494672,0.24513266373409992,-0.879850917492403,0.2804785566615956,0.7492517598190023,9.0,Barley,110,84451,3410,High,Medium,0
0.5299593650496041,-0.13057389519457477,0.07218949207423717,0.6485899419877789,-1.3789009245012978,-1.4450552670645975,8.3,Rice,107,76176,3210,High,Medium,2
0.5233527287602391,-0.41476413767688447,0.4180758353939627,-0.056844300849228147,1.465749614635091,1.4806874354468689,5.1,Corn,125,71808,4000,High,Low,1
-1.2505291149342666,0.508854150390622,0.07218949207423717,0.7661623157939467,1.465749614635091,1.7244993273228244,13.3,Wheat,133,42039,3990,Low,Very High,5
1.098130085934995,0.3667590291494672,0.9369053503735509,0.5310175681816109,-0.9047925013118997,-0.22599580768481992,13.0,Barley,113,97170,3955,Very High,Very High,0
0.9527840875689648,0.29571146852888974,0.7639621787136882,1.4715965586309536,1.465749614635091,-0.9574314833126866,6.0,Wheat,128,92508,4352,High,Low,5
0.34827686709206623,1.7166626809404382,0.7639621787136882,-0.17441667465539598,1.70280382622979,-1.688867158940553,10.8,Rice,112,98294,3808,High,High,2
-1.455334839904582,1.4324724384581284,-1.1384127095448022,1.3540241848247858,-0.4306840781225016,1.2368755435709133,9.6,Barley,128,42958,2944,Low,Medium,0
1.4945282632968957,0.29571146852888974,0.07218949207423717,1.5891689324371214,0.7545869798509938,-0.9574314833126866,6.2,Soybean,126,105300,3780,Very High,Low,4
-0.5039792142360203,0.3667590291494672,1.4557348653531392,-0.7622785436862352,-1.1418467129065988,-0.46980769956077545,14.8,Corn,100,58855,3800,Medium,Very High,1
0.8008314529135695,-0.6279068195386167,0.7639621787136882,-0.879850917492403,0.04342434506689656,-0.22599580768481992,7.1,Rice,105,74100,3570,High,Low,2
-0.08115449171665953,1.0772346353552413,-1.1384127095448022,1.236451811018618,-1.1418467129065988,1.7244993273228244,5.7,Rice,126,77697,2898,Medium,Low,2
-1.260439069368314,-0.41476413767688447,0.4180758353939627,1.4715965586309536,1.465749614635091,-0.22599580768481992,10.9,Corn,131,35088,4192,Low,High,1
1.0948267677903125,-0.4858116982974619,1.4557348653531392,1.236451811018618,0.9916411914456928,1.4806874354468689,12.4,Corn,134,82343,5092,Very High,Very High,1
0.9659973601476948,-1.6936202288472781,-1.4842990528645277,0.17830044676310752,1.2286954030403918,-0.22599580768481992,5.3,Soybean,119,59500,2499,High,Low,4
-1.227405887921489,-0.7700019407797716,0.5910190070538255,-1.5852851603294098,1.2286954030403918,-1.201243375188642,11.6,Rice,100,33138,3300,Low,High,2
-0.3487232614359425,1.5745675596992834,-1.1384127095448022,1.1188794372124502,-1.3789009245012978,-0.46980769956077545,10.3,Sorghum,115,76032,2645,Medium,High,3
1.352485583075548,1.7877102415610155,0.9369053503735509,1.0013070634062824,1.2286954030403918,1.2368755435709133,6.0,Rice,132,129393,4620,Very High,Low,2
0.47049963844531895,-1.6225726682267005,1.628678037013002,1.7067413062432892,1.2286954030403918,0.017816084191135624,6.7,Wheat,133,53040,5187,High,Low,5
-1.455334839904582,0.22466390790831234,0.5910190070538255,-1.467712786523242,-1.1418467129065988,-0.9574314833126866,10.7,Barley,92,35189,3036,Low,High,0
0.4473764114325414,1.7166626809404382,0.7639621787136882,-0.879850917492403,0.7545869798509938,1.2368755435709133,8.0,Barley,114,101234,3876,High,Low,0
0.0476749159259582,1.7877102415610155,-1.3113558812046648,-0.4095614222677316,-0.4306840781225016,0.017816084191135624,14.4,Wheat,108,90288,2376,High,Very High,5
0.8338646343603946,0.3667590291494672,-0.4466400229053511,-1.7028575341355776,-1.3789009245012978,-1.4450552670645975,13.2,Barley,87,90850,2349,High,Very High,0
1.0023338597392024,0.9351395141140866,0.9369053503735509,-0.6447061698800672,0.04342434506689656,1.7244993273228244,14.8,Corn,115,104487,4025,Very High,Very High,1
-1.3298087504066467,-1.4804775469855458,-0.10075367958562559,0.5310175681816109,-1.615955136095997,0.5054398679430467,7.6,Barley,113,26235,3277,Low,Low,0
0.4605896840112714,-1.6936202288472781,-1.1384127095448022,-1.467712786523242,-0.1936298665278025,0.26162797606709115,14.7,Barley,101,51850,2323,High,Very High,0
-1.2571357512236316,-1.196287304503236,1.2827916936932764,-1.1149956651047386,-1.3789009245012978,0.26162797606709115,9.3,Wheat,99,29469,3663,Low,Medium,5
0.20293086872603597,0.29571146852888974,-1.4842990528645277,-0.9974232912985708,0.5175327682562947,0.017816084191135624,8.5,Soybean,107,74802,2247,High,Medium,4
0.3383669126580187,1.006187074734664,1.1098485220334138,0.5310175681816109,0.9916411914456928,0.5054398679430467,5.5,Barley,124,88000,4464,High,Low,0
-0.03490803769110445,-1.5515251076061232,0.4180758353939627,0.8837346896001145,-0.4306840781225016,1.4806874354468689,5.5,Sorghum,125,46124,4000,Medium,Low,3
-0.8640408920064134,0.508854150390622,-1.1384127095448022,1.1188794372124502,0.9916411914456928,1.2368755435709133,11.9,Barley,132,51516,3036,Medium,High,0
1.2765092657478503,-1.0541921832620813,0.07218949207423717,1.3540241848247858,-1.3789009245012978,0.5054398679430467,9.6,Soybean,121,75756,3630,Very High,Medium,4
1.3161490834840404,-1.0541921832620813,-0.6195831945652139,0.29587282056927533,-1.3789009245012978,-1.688867158940553,7.3,Wheat,103,76464,2678,Very High,Low,5
-0.7484247569425257,-0.41476413767688447,0.24513266373409992,-0.5271337960738994,0.5175327682562947,-1.4450552670645975,11.1,Soybean,105,45628,3255,Medium,High,4
-1.0226001629511736,1.5035199990787058,-0.10075367958562559,0.4134451943754432,1.2286954030403918,-0.46980769956077545,7.5,Wheat,120,55860,3480,Low,Low,5
1.653087534241656,0.6509492716317768,-0.6195831945652139,-1.2325680389109064,0.04342434506689656,0.5054398679430467,10.8,Corn,105,116034,2730,Very High,High,1
0.6786086815603168,0.5799017110111995,0.4180758353939627,0.4134451943754432,1.70280382622979,-0.713619591436731,8.6,Wheat,121,90446,3872,High,Medium,5
-0.1703440816230872,-0.13057389519457477,-0.6195831945652139,-0.5271337960738994,1.70280382622979,0.9930636516949578,13.2,Corn,120,60912,3120,Medium,Very High,1
0.27230054976436857,0.22466390790831234,1.1098485220334138,1.0013070634062824,0.9916411914456928,1.4806874354468689,13.2,Corn,132,75460,4752,High,Very High,1
0.9626940420030123,0.508854150390622,-0.10075367958562559,-0.4095614222677316,-1.3789009245012978,0.26162797606709115,9.8,Wheat,105,96309,3045,High,Medium,5
1.1972296302754701,1.7877102415610155,-0.10075367958562559,-0.6447061698800672,-0.1936298665278025,-0.713619591436731,8.5,Sorghum,104,124740,3016,Very High,Medium,3
-0.8310077105595883,-1.2673348651238134,-1.1384127095448022,-0.879850917492403,-1.1418467129065988,-1.4450552670645975,8.6,Rice,95,36176,2185,Medium,Medium,2
1.5341680810330858,0.29571146852888974,1.628678037013002,1.0013070634062824,0.04342434506689656,0.5054398679430467,13.1,Wheat,124,106236,4836,Very High,Very High,5
-1.395875113300297,-1.196287304503236,-1.1384127095448022,1.4715965586309536,-0.1936298665278025,-0.9574314833126866,8.3,Barley,121,27075,2783,Low,Medium,0
-1.1382162980150614,-1.6936202288472781,-0.6195831945652139,1.4715965586309536,1.465749614635091,0.26162797606709115,7.1,Sorghum,133,27650,3458,Low,Low,3
0.5200494106155565,-1.5515251076061232,-1.6572422245243905,-0.7622785436862352,0.04342434506689656,-1.688867158940553,5.8,Sorghum,100,54860,2000,High,Low,3
-0.20998389935927725,-0.05952633457399735,0.24513266373409992,-1.3501404127170742,1.465749614635091,0.7492517598190023,9.7,Barley,111,60882,3441,Medium,Medium,0
1.646480897952291,-0.13057389519457477,0.4180758353939627,-1.2325680389109064,-0.1936298665278025,-1.688867158940553,9.8,Rice,95,100512,3040,Very High,Medium,2
-1.3628419318534717,-1.196287304503236,-0.10075367958562559,0.6485899419877789,0.7545869798509938,0.9930636516949578,13.4,Sorghum,126,27645,3654,Low,Very High,3
0.6554854545475393,1.5745675596992834,0.7639621787136882,-0.879850917492403,-0.4306840781225016,-0.22599580768481992,7.2,Corn,103,105216,3502,High,Low,1
-0.7054816210616531,0.8640919534935091,0.4180758353939627,0.8837346896001145,1.2286954030403918,0.7492517598190023,8.8,Rice,129,58824,4128,Medium,Medium,2
1.5705045806245934,-1.5515251076061232,-0.27369685124548837,-0.7622785436862352,-0.1936298665278025,-1.201243375188642,13.1,Barley,101,71396,2828,Very High,Very High,0
-0.920197300466016,0.5799017110111995,-0.27369685124548837,-0.056844300849228147,-0.6677382897172006,0.5054398679430467,13.2,Rice,112,50758,3136,Medium,Very High,2
-1.4189983403130744,0.22466390790831234,0.7639621787136882,-0.056844300849228147,-0.1936298665278025,-1.4450552670645975,8.8,Wheat,106,36036,3604,Low,Medium,5
-1.4916713394960894,1.5745675596992834,-0.10075367958562559,0.06072807295693968,-1.615955136095997,0.26162797606709115,9.6,Rice,108,42816,3132,Low,Medium,2
-1.3364153866960118,-1.196287304503236,-0.10075367958562559,-0.17441667465539598,-1.615955136095997,-1.201243375188642,8.0,Corn,100,28101,2900,Low,Low,1
0.830561316215712,0.6509492716317768,-0.4466400229053511,-0.879850917492403,0.2804785566615956,-1.4450552670645975,14.3,Wheat,101,95367,2727,High,Very High,5
1.5176514903096732,0.7219968322523542,0.9369053503735509,0.29587282056927533,1.465749614635091,0.9930636516949578,6.2,Soybean,126,113988,4410,Very High,Low,4
-0.15052417275499216,0.508854150390622,1.1098485220334138,-0.6447061698800672,-0.6677382897172006,0.017816084191135624,14.3,Barley,105,69012,3780,Medium,Very High,0
-0.9730503907809361,-0.05952633457399735,-0.9654695378849394,1.4715965586309536,1.2286954030403918,0.5054398679430467,11.8,Barley,133,44019,3192,Medium,High,0
1.365698855654278,-0.7700019407797716,-1.1384127095448022,0.5310175681816109,-0.6677382897172006,-0.46980769956077545,10.3,Rice,113,82593,2599,Very High,High,2
-0.926803936755381,0.508854150390622,1.2827916936932764,-1.1149956651047386,-1.1418467129065988,-0.46980769956077545,5.3,Sorghum,97,49977,3589,Medium,Low,3
-0.08115449171665953,1.5035199990787058,1.4557348653531392,-0.4095614222677316,-0.6677382897172006,0.5054398679430467,9.8,Wheat,109,82935,4142,Medium,Medium,5
-0.21989385379332477,1.2903773172169737,-1.1384127095448022,-1.5852851603294098,-1.1418467129065988,0.7492517598190023,9.1,Soybean,98,76452,2254,Medium,Medium,4
-0.5204958049594328,-0.6279068195386167,-0.6195831945652139,-0.9974232912985708,0.2804785566615956,-0.22599580768481992,6.6,Wheat,105,48100,2730,Medium,Low,5
0.1732010054238934,-1.4804775469855458,-0.10075367958562559,0.06072807295693968,0.2804785566615956,-0.22599580768481992,11.6,Barley,114,50350,3306,High,High,0
0.37470341224952625,0.8640919534935091,1.2827916936932764,-1.467712786523242,-0.4306840781225016,0.7492517598190023,14.7,Wheat,102,86946,3774,High,Very High,5
-0.6922683484829231,-0.2726690164357296,1.4557348653531392,-0.2919890484615638,1.70280382622979,1.2368755435709133,10.6,Soybean,123,48160,4674,Medium,High,4
-0.8078844835468107,-0.7700019407797716,-1.1384127095448022,-1.467712786523242,-1.615955136095997,1.7244993273228244,12.1,Sorghum,101,41139,2323,Medium,Very High,3
0.777708225900792,0.4378065897700446,-0.10075367958562559,1.3540241848247858,-0.1936298665278025,-0.46980769956077545,5.7,Rice,122,90640,3538,High,Low,2
-0.46764271464451274,1.6456151203198608,-1.6572422245243905,0.29587282056927533,-0.1936298665278025,-0.9574314833126866,9.2,Corn,111,73332,2220,Medium,Medium,1
-1.5709509749684696,-0.4858116982974619,1.2827916936932764,-0.5271337960738994,1.465749614635091,0.7492517598190023,6.2,Wheat,118,28274,4366,Low,Low,5
0.8702011339519021,-1.2673348651238134,-0.9654695378849394,-0.879850917492403,0.5175327682562947,0.26162797606709115,11.1,Corn,109,65016,2616,High,High,1
0.07740477922810075,-1.0541921832620813,0.7639621787136882,-1.1149956651047386,0.5175327682562947,-0.46980769956077545,14.4,Barley,104,54339,3536,High,Very High,0
0.8569878613731721,-1.2673348651238134,1.1098485220334138,-1.7028575341355776,-0.9047925013118997,-0.9574314833126866,11.6,Rice,91,64792,3276,High,High,2
1.11794999480309,0.5799017110111995,-1.3113558812046648,1.4715965586309536,0.04342434506689656,0.9930636516949578,5.8,Rice,130,101352,2860,Very High,Low,2
-1.3165954778279167,-0.13057389519457477,0.24513266373409992,-1.7028575341355776,-0.4306840781225016,-1.201243375188642,8.5,Wheat,92,35928,2852,Low,Medium,5
1.0023338597392024,-0.2726690164357296,-1.4842990528645277,0.8837346896001145,-0.9047925013118997,-0.9574314833126866,10.5,Sorghum,113,84070,2373,Very High,High,3
-1.0523300262533162,-0.41476413767688447,-1.6572422245243905,-0.879850917492403,-0.9047925013118997,-1.201243375188642,9.0,Rice,97,39372,1940,Low,Medium,2
-0.9102873460319685,1.6456151203198608,1.1098485220334138,-1.2325680389109064,-1.3789009245012978,1.7244993273228244,13.3,Wheat,104,60334,3744,Medium,Very High,5
1.345878946786183,-0.41476413767688447,0.9369053503735509,1.4715965586309536,1.465749614635091,-1.4450552670645975,13.1,Wheat,126,88740,4410,Very High,Very High,5
0.8702011339519021,0.7930443928729317,-0.9654695378849394,0.06072807295693968,-1.3789009245012978,1.4806874354468689,11.1,Corn,114,98685,2736,High,High,1
0.5299593650496041,0.29571146852888974,0.7639621787136882,-0.5271337960738994,0.9916411914456928,-0.713619591436731,8.7,Rice,110,82524,3740,High,Medium,2
-0.18686067234649972,-0.4858116982974619,-1.3113558812046648,-1.2325680389109064,1.465749614635091,-1.4450552670645975,7.6,Wheat,103,56347,2266,Medium,Low,5
0.36149013967079624,-1.6225726682267005,-0.6195831945652139,-1.3501404127170742,-0.9047925013118997,-0.46980769956077545,6.1,Corn,96,51357,2496,High,Low,1
0.8933243609646797,-1.6936202288472781,0.07218949207423717,1.7067413062432892,-0.6677382897172006,-1.201243375188642,8.5,Soybean,120,58400,3600,High,Medium,4
-0.5733488952743528,1.5745675596992834,-0.10075367958562559,-1.1149956651047386,0.04342434506689656,-0.46980769956077545,9.1,Corn,102,69504,2958,Medium,Medium,1
0.05758487036000571,-1.4094299863649684,-0.27369685124548837,-0.17441667465539598,1.70280382622979,1.7244993273228244,11.8,Corn,126,49410,3528,High,High,1
-1.5940742019812473,-0.34371657705630704,0.5910190070538255,0.7661623157939467,-0.4306840781225016,0.7492517598190023,11.6,Wheat,121,28635,3993,Low,High,5
0.9693006782923773,-0.9831446226415038,0.4180758353939627,0.4134451943754432,1.465749614635091,0.5054398679430467,5.7,Barley,125,71460,4000,High,Low,0
-0.5370123956828453,1.2193297565963963,-1.4842990528645277,-0.7622785436862352,1.70280382622979,0.26162797606709115,9.0,Barley,115,66885,2415,Medium,Medium,0
0.8602911795178546,-1.6225726682267005,-1.3113558812046648,-0.4095614222677316,-0.9047925013118997,-1.688867158940553,6.8,Sorghum,99,59058,2178,High,Low,3
-0.7946712109680808,-1.5515251076061232,-0.6195831945652139,-0.5271337960738994,1.2286954030403918,-0.46980769956077545,6.6,Barley,112,34164,2912,Medium,Low,0
-0.005178174388961898,-0.13057389519457477,1.2827916936932764,-0.17441667465539598,0.7545869798509938,0.26162797606709115,13.3,Corn,116,64512,4292,Medium,Very High,1
1.6167510346501484,-0.9120970620209264,-1.3113558812046648,0.8837346896001145,-0.1936298665278025,0.7492517598190023,5.4,Sorghum,123,84607,2706,Very High,Low,3
1.312845765339358,-0.34371657705630704,-0.10075367958562559,0.06072807295693968,0.04342434506689656,-0.9574314833126866,9.2,Wheat,110,89355,3190,Very High,Medium,5
-1.1183963891469664,-1.4094299863649684,-0.6195831945652139,-1.7028575341355776,-1.3789009245012978,0.7492517598190023,6.7,Rice,96,30186,2496,Low,Low,2
-0.07785117357197703,0.8640919534935091,-0.27369685124548837,-0.2919890484615638,0.9916411914456928,0.9930636516949578,13.8,Corn,119,75164,3332,Medium,Very High,1
1.1674997669733276,0.9351395141140866,1.1098485220334138,0.8837346896001145,-0.1936298665278025,-1.4450552670645975,10.6,Corn,114,108837,4104,Very High,High,1
0.5464759557730166,0.3667590291494672,0.07218949207423717,0.6485899419877789,1.70280382622979,1.2368755435709133,7.3,Sorghum,131,83977,3930,High,Low,3
1.352485583075548,-1.1252397438826587,-0.6195831945652139,0.6485899419877789,1.465749614635091,-0.9574314833126866,10.0,Wheat,121,75806,3146,Very High,Medium,5
0.6323622275347617,0.6509492716317768,0.5910190070538255,1.7067413062432892,-1.3789009245012978,-1.688867158940553,12.3,Soybean,115,90387,3795,High,Very High,4
0.5828124553645241,1.361424877837551,1.4557348653531392,-0.2919890484615638,-1.3789009245012978,-1.201243375188642,14.6,Corn,100,99882,3800,High,Very High,1
-0.3916663973168151,0.7219968322523542,-1.1384127095448022,-1.5852851603294098,0.04342434506689656,0.5054398679430467,7.2,Soybean,102,65436,2346,Medium,Low,4
0.15338109655579837,-0.2016214558151522,-0.7925263662250767,-1.3501404127170742,-1.3789009245012978,0.26162797606709115,13.9,Soybean,97,67024,2425,High,Very High,4
1.4218552641138806,1.361424877837551,-0.10075367958562559,1.4715965586309536,1.70280382622979,0.5054398679430467,14.3,Barley,135,123504,3915,Very High,Very High,0
1.5143481721649907,-0.05952633457399735,-0.6195831945652139,-1.1149956651047386,0.7545869798509938,-0.713619591436731,14.2,Wheat,104,98988,2704,Very High,Very High,5
0.6356655456794442,-0.5568592589180393,0.4180758353939627,1.236451811018618,0.2804785566615956,1.7244993273228244,11.4,Soybean,132,71940,4224,High,High,4
-0.23641044451673732,-1.0541921832620813,0.5910190070538255,1.3540241848247858,0.9916411914456928,0.7492517598190023,11.3,Wheat,132,48734,4356,Medium,High,5
0.3780067303942088,0.3667590291494672,-1.1384127095448022,0.8837346896001145,-1.615955136095997,-0.46980769956077545,9.0,Barley,112,79948,2576,High,Medium,0
-0.7616380295212557,1.5035199990787058,-0.4466400229053511,1.3540241848247858,1.70280382622979,-1.201243375188642,12.5,Wheat,127,63365,3429,Medium,Very High,5
1.1113433585137251,-0.13057389519457477,-0.9654695378849394,-1.2325680389109064,0.2804785566615956,-0.713619591436731,10.3,Corn,101,88848,2424,Very High,High,1
0.25908727718563856,0.508854150390622,-1.6572422245243905,1.1188794372124502,1.70280382622979,0.7492517598190023,11.8,Soybean,133,79056,2660,High,High,4
-0.26944362596356236,-0.5568592589180393,-1.1384127095448022,-1.467712786523242,-1.615955136095997,0.017816084191135624,9.3,Wheat,94,53856,2162,Medium,Medium,5
-1.0919698439895063,1.7877102415610155,-1.3113558812046648,-1.7028575341355776,0.5175327682562947,-0.46980769956077545,12.3,Rice,99,56133,2178,Low,Very High,2
1.1344665855265026,-0.5568592589180393,-0.27369685124548837,-1.3501404127170742,1.2286954030403918,-0.9574314833126866,13.2,Wheat,103,81906,2884,Very High,Very High,5
-1.5048846120748196,-0.7700019407797716,-0.4466400229053511,1.1188794372124502,0.5175327682562947,-1.4450552670645975,6.5,Soybean,119,27846,3213,Low,Low,4
0.18971759614730593,-1.1252397438826587,-1.6572422245243905,0.5310175681816109,-1.3789009245012978,1.4806874354468689,13.3,Barley,118,55390,2360,High,Very High,0
-0.7054816210616531,1.0772346353552413,-0.7925263662250767,-1.5852851603294098,-0.4306840781225016,0.26162797606709115,10.4,Barley,99,60876,2475,Medium,High,0
-0.3355099888572125,-1.6225726682267005,-0.27369685124548837,1.236451811018618,-0.4306840781225016,1.2368755435709133,13.4,Soybean,127,40596,3556,Medium,Very High,4
-1.6072874745599772,1.4324724384581284,-0.6195831945652139,1.7067413062432892,-1.615955136095997,0.9930636516949578,9.3,Corn,125,38634,3250,Low,Medium,1
0.35818682152611375,0.011521226046580067,-1.1384127095448022,1.7067413062432892,-0.1936298665278025,-1.688867158940553,8.8,Corn,120,74444,2760,High,Medium,1
-0.6493252126020506,1.006187074734664,0.4180758353939627,-1.2325680389109064,0.04342434506689656,-1.688867158940553,14.2,Barley,96,61688,3072,Medium,Very High,0
1.319452401628723,-1.1252397438826587,1.1098485220334138,-1.467712786523242,-1.3789009245012978,1.2368755435709133,7.5,Barley,100,75226,3600,Very High,Low,0
-0.8111878016914933,-0.2016214558151522,-1.4842990528645277,1.5891689324371214,0.04342434506689656,-0.9574314833126866,13.4,Soybean,123,46292,2583,Medium,Very High,4
0.0014284619004031138,1.2903773172169737,-0.9654695378849394,1.4715965586309536,0.2804785566615956,-0.22599580768481992,9.8,Corn,126,82616,3024,Medium,Medium,1
0.8437745887944421,1.5035199990787058,0.24513266373409992,1.5891689324371214,-0.4306840781225016,-1.688867158940553,10.1,Barley,118,109535,3658,High,High,0
-1.5313111572322795,-1.4804775469855458,-0.4466400229053511,-0.7622785436862352,-0.6677382897172006,0.26162797606709115,8.1,Corn,105,23002,2835,Low,Medium,1
0.7545849988880144,0.08256878666715749,-0.7925263662250767,0.5310175681816109,0.9916411914456928,-0.9574314833126866,10.7,Barley,118,84450,2950,High,High,0
1.15758981253928,0.29571146852888974,-0.4466400229053511,-1.1149956651047386,0.2804785566615956,-1.201243375188642,8.3,Wheat,100,97344,2700,Very High,Medium,5
-1.3496286592747417,1.4324724384581284,1.2827916936932764,0.29587282056927533,1.2286954030403918,-1.688867158940553,5.4,Rice,114,45966,4218,Low,Low,2
0.9164475879774572,0.6509492716317768,-1.3113558812046648,-1.1149956651047386,0.9916411914456928,0.5054398679430467,7.7,Sorghum,110,97525,2420,High,Low,3
0.3515801852367487,-0.13057389519457477,0.24513266373409992,0.4134451943754432,0.7545869798509938,-0.9574314833126866,5.1,Wheat,116,72288,3596,High,Low,5
1.3987320371011032,0.8640919534935091,-1.3113558812046648,1.4715965586309536,0.2804785566615956,0.26162797606709115,14.8,Sorghum,128,113606,2816,Very High,Very High,3
1.5572913080458632,-0.9831446226415038,-0.7925263662250767,-0.4095614222677316,-1.615955136095997,1.2368755435709133,14.7,Barley,108,82140,2700,Very High,Very High,0
0.3416702308027012,-1.338382425744391,-1.4842990528645277,1.1188794372124502,0.7545869798509938,1.4806874354468689,9.0,Rice,132,55055,2772,High,Medium,2
-0.2661403078188799,-0.4858116982974619,0.24513266373409992,-0.5271337960738994,-1.1418467129065988,0.5054398679430467,12.3,Rice,106,54739,3286,Medium,Very High,2
-1.2670457056576792,-0.2726690164357296,-1.4842990528645277,-1.5852851603294098,0.2804785566615956,-0.46980769956077545,8.5,Barley,99,35980,2079,Low,Medium,0
0.3912200029729388,1.2193297565963963,-0.7925263662250767,-0.056844300849228147,0.7545869798509938,-0.46980769956077545,11.7,Barley,114,92456,2850,High,High,0
1.3359689923521354,0.7930443928729317,1.1098485220334138,-0.4095614222677316,-1.3789009245012978,-1.688867158940553,13.1,Corn,97,110670,3492,Very High,Very High,1
-0.9994769359383961,1.1482821959758187,-1.3113558812046648,-0.4095614222677316,0.9916411914456928,0.5054398679430467,14.5,Barley,116,53550,2552,Low,Very High,0
1.0816134952115826,0.9351395141140866,-1.4842990528645277,-0.7622785436862352,-0.9047925013118997,-1.4450552670645975,9.0,Soybean,97,106575,2037,Very High,Medium,4
0.008035098189768126,0.6509492716317768,1.628678037013002,0.6485899419877789,-0.9047925013118997,0.7492517598190023,12.8,Barley,118,74700,4602,Medium,Very High,0
0.42094986627508135,-0.5568592589180393,-0.4466400229053511,1.0013070634062824,-1.3789009245012978,-0.46980769956077545,7.7,Soybean,114,67650,3078,High,Low,4
-0.018391446967691922,0.8640919534935091,0.24513266373409992,-1.5852851603294098,1.70280382622979,-1.4450552670645975,14.9,Barley,101,76712,3131,Medium,Very High,0
-1.3991784314449793,0.011521226046580067,-1.1384127095448022,0.7661623157939467,-1.1418467129065988,-1.201243375188642,5.3,Corn,110,35076,2530,Low,Low,1
-0.28265689854229237,0.9351395141140866,-0.9654695378849394,-1.467712786523242,1.2286954030403918,-0.9574314833126866,11.0,Soybean,102,70644,2448,Medium,High,4
-0.4048796698955451,-0.9120970620209264,0.4180758353939627,-0.4095614222677316,-1.1418467129065988,0.7492517598190023,11.6,Wheat,108,47275,3456,Medium,High,5
-0.25953367152951484,-0.13057389519457477,0.7639621787136882,1.4715965586309536,-1.615955136095997,-0.713619591436731,11.9,Soybean,116,58968,3944,Medium,High,4
0.7611916351773794,1.2193297565963963,0.9369053503735509,1.7067413062432892,-0.4306840781225016,1.7244993273228244,6.2,Corn,133,102648,4655,High,Low,1
-0.7319081662191131,-0.2016214558151522,-0.10075367958562559,1.236451811018618,0.04342434506689656,0.26162797606709115,14.4,Sorghum,125,47996,3625,Medium,Very High,3
0.8668978158072196,-0.2726690164357296,0.9369053503735509,0.06072807295693968,0.9916411914456928,0.9930636516949578,6.8,Soybean,122,81200,4270,High,Low,4
0.5861157735092066,0.1536163472877349,0.24513266373409992,0.6485899419877789,-1.1418467129065988,1.7244993273228244,11.2,Barley,121,81700,3751,High,High,0
-0.34541994329125997,0.4378065897700446,1.1098485220334138,1.4715965586309536,-0.6677382897172006,1.7244993273228244,7.2,Barley,130,63440,4680,Medium,Low,0
1.2236561754329303,-1.338382425744391,0.9369053503735509,1.0013070634062824,-1.615955136095997,-0.9574314833126866,8.1,Sorghum,111,69740,3885,Very High,Medium,3
-0.13731090017626213,0.1536163472877349,0.24513266373409992,1.236451811018618,0.5175327682562947,1.2368755435709133,10.5,Corn,131,65056,4061,Medium,High,1
1.392125400811738,1.0772346353552413,-0.4466400229053511,1.7067413062432892,-0.1936298665278025,0.7492517598190023,9.2,Rice,130,117391,3510,Very High,Medium,2
-1.012690208517126,0.6509492716317768,1.628678037013002,-1.7028575341355776,0.5175327682562947,0.26162797606709115,6.6,Barley,102,49053,3978,Low,Low,0
0.7942248166242045,-0.9120970620209264,-1.3113558812046648,0.6485899419877789,1.2286954030403918,0.7492517598190023,6.7,Wheat,127,69418,2794,High,Low,5
0.6290589093900792,1.4324724384581284,0.9369053503735509,-1.467712786523242,-1.615955136095997,0.5054398679430467,9.2,Corn,96,102272,3360,High,Medium,1
-1.3198987959725992,-1.2673348651238134,0.4180758353939627,0.5310175681816109,0.9916411914456928,-1.201243375188642,12.6,Soybean,117,27888,3744,Low,Very High,4
0.1632910509898459,-1.0541921832620813,1.4557348653531392,-1.5852851603294098,0.7545869798509938,0.017816084191135624,14.0,Soybean,103,55873,3914,High,Very High,4
1.5837178532033234,1.4324724384581284,-0.4466400229053511,-0.7622785436862352,0.2804785566615956,0.9930636516949578,5.8,Wheat,112,129438,3024,Very High,Low,5
1.653087534241656,-0.5568592589180393,-0.9654695378849394,0.4134451943754432,0.04342434506689656,-1.688867158940553,8.9,Barley,110,92268,2640,Very High,Medium,0
-1.3298087504066467,0.08256878666715749,1.628678037013002,-0.056844300849228147,-0.1936298665278025,0.7492517598190023,6.0,Corn,115,37125,4485,Low,Low,1
0.5464759557730166,-0.2726690164357296,-0.4466400229053511,0.29587282056927533,0.5175327682562947,0.26162797606709115,5.2,Wheat,119,74410,3213,High,Low,5
0.543172637628334,0.22466390790831234,0.24513266373409992,1.236451811018618,1.70280382622979,0.26162797606709115,11.6,Barley,132,81774,4092,High,High,0
-1.0192968448064912,1.5035199990787058,-1.6572422245243905,-0.5271337960738994,-0.1936298665278025,0.5054398679430467,11.0,Corn,110,55955,2200,Low,High,1
0.784314862190157,-1.6225726682267005,1.628678037013002,1.1188794372124502,-0.6677382897172006,-1.4450552670645975,6.6,Soybean,114,57885,4446,High,Low,4
-1.5247045209429146,1.2903773172169737,-0.7925263662250767,0.8837346896001145,-0.6677382897172006,-0.9574314833126866,7.3,Corn,114,40112,2850,Low,Low,1
0.9296608605561872,-1.6936202288472781,1.2827916936932764,0.06072807295693968,0.7545869798509938,1.2368755435709133,5.2,Sorghum,122,58950,4514,High,Low,3
-0.42800289690832266,0.7930443928729317,-0.4466400229053511,0.7661623157939467,1.2286954030403918,0.017816084191135624,13.3,Rice,125,65280,3375,Medium,Very High,2
0.6488788182581743,0.08256878666715749,-0.6195831945652139,0.17830044676310752,-0.6677382897172006,-0.22599580768481992,14.7,Corn,111,82050,2886,High,Very High,1
0.08731473366214826,0.29571146852888974,-1.6572422245243905,-1.2325680389109064,-1.615955136095997,-1.688867158940553,6.4,Rice,89,72072,1780,High,Low,2
-0.7253015299297482,-0.2726690164357296,0.9369053503735509,-0.4095614222677316,0.04342434506689656,-0.713619591436731,7.3,Corn,107,47460,3745,Medium,Low,1
-0.9301072549000635,-0.9831446226415038,0.24513266373409992,-0.5271337960738994,0.9916411914456928,-0.22599580768481992,13.7,Rice,112,36960,3472,Medium,Very High,2
1.2170495391435652,1.0772346353552413,-0.7925263662250767,1.7067413062432892,0.7545869798509938,1.7244993273228244,14.3,Sorghum,138,112674,3450,Very High,Very High,3
1.2368694480116602,-0.9831446226415038,1.628678037013002,-0.056844300849228147,-1.615955136095997,-0.9574314833126866,9.2,Soybean,102,76320,3978,Very High,Medium,4
0.9891205871604724,0.7930443928729317,-1.4842990528645277,1.3540241848247858,-0.9047925013118997,1.7244993273228244,5.5,Barley,128,101745,2688,High,Low,0
-0.7451214387978432,1.7166626809404382,0.5910190070538255,-1.467712786523242,1.70280382622979,1.7244993273228244,5.4,Rice,115,65856,3795,Medium,Low,2
1.2632959931691203,1.006187074734664,-1.1384127095448022,-1.7028575341355776,0.2804785566615956,-1.688867158940553,10.7,Sorghum,93,112640,2139,Very High,High,3
-1.4421215673258518,1.0772346353552413,-1.6572422245243905,0.5310175681816109,1.465749614635091,0.26162797606709115,8.9,Rice,125,41029,2500,Low,Medium,2
0.32185032193460617,0.7219968322523542,1.2827916936932764,1.5891689324371214,0.2804785566615956,1.4806874354468689,5.3,Soybean,134,83580,4958,High,Low,4
1.259992675024438,0.6509492716317768,0.4180758353939627,0.06072807295693968,-0.6677382897172006,-0.713619591436731,10.8,Rice,108,106157,3456,Very High,High,2
0.7611916351773794,1.5745675596992834,-1.4842990528645277,-1.5852851603294098,-0.9047925013118997,0.7492517598190023,5.1,Sorghum,99,108288,2079,High,Low,3
-0.5171924868147503,-0.05952633457399735,-0.27369685124548837,-1.5852851603294098,-1.1418467129065988,-1.4450552670645975,12.9,Sorghum,89,54093,2492,Medium,Very High,3
-0.3355099888572125,-0.2016214558151522,-1.4842990528645277,-1.467712786523242,-1.1418467129065988,0.017816084191135624,8.1,Wheat,96,56516,2016,Medium,Medium,5
0.6620920908369042,-1.4094299863649684,-0.27369685124548837,-0.879850917492403,0.9916411914456928,0.7492517598190023,5.4,Soybean,113,59292,3164,High,Low,4
-1.5841642475471998,0.5799017110111995,-1.6572422245243905,1.0013070634062824,-0.6677382897172006,1.2368755435709133,10.9,Wheat,124,34276,2480,Low,High,5
-1.0622399806873637,0.7930443928729317,0.07218949207423717,1.4715965586309536,0.5175327682562947,-1.4450552670645975,9.0,Soybean,122,48960,3660,Low,Medium,4
0.37470341224952625,1.5745675596992834,-1.3113558812046648,-0.056844300849228147,-1.615955136095997,-1.201243375188642,14.7,Rice,101,97056,2222,High,Very High,2
-0.338813307001895,-0.34371657705630704,1.628678037013002,-0.9974232912985708,-0.6677382897172006,1.4806874354468689,10.4,Sorghum,108,54855,4212,Medium,High,3
-0.1769507179124522,-0.41476413767688447,-1.1384127095448022,-1.1149956651047386,-0.4306840781225016,0.5054398679430467,7.8,Wheat,104,57392,2392,Medium,Low,5
-0.8772541645851434,0.7219968322523542,1.2827916936932764,-0.7622785436862352,-0.1936298665278025,-1.688867158940553,12.1,Rice,99,53088,3663,Medium,Very High,2
1.3756088100883255,1.2903773172169737,-0.7925263662250767,0.5310175681816109,0.9916411914456928,0.7492517598190023,7.7,Sorghum,125,120888,3125,Very High,Low,3
-1.395875113300297,-0.5568592589180393,-1.3113558812046648,1.4715965586309536,0.2804785566615956,-1.4450552670645975,14.0,Soybean,121,31350,2662,Low,Very High,4
-0.7715479839553032,1.4324724384581284,0.07218949207423717,-1.7028575341355776,-1.1418467129065988,1.4806874354468689,8.7,Sorghum,100,62416,3000,Medium,Medium,3
-0.14391753646562713,1.2903773172169737,0.7639621787136882,-0.879850917492403,1.70280382622979,-0.22599580768481992,10.5,Rice,112,78568,3808,Medium,High,2
0.9825139508711074,0.6509492716317768,-0.9654695378849394,0.8837346896001145,-1.3789009245012978,0.5054398679430467,5.5,Wheat,117,99185,2808,High,Low,5
0.7248551355858719,-1.1252397438826587,1.628678037013002,0.8837346896001145,1.465749614635091,-1.4450552670645975,9.3,Wheat,121,64786,4719,High,Medium,5
0.7810115440454745,0.08256878666715749,-0.10075367958562559,-1.467712786523242,-1.1418467129065988,-0.46980769956077545,13.3,Sorghum,94,85050,2726,High,Very High,3
-0.37845312473808507,-1.6225726682267005,0.24513266373409992,-1.3501404127170742,0.9916411914456928,1.7244993273228244,13.1,Rice,113,39933,3503,Medium,Very High,2
0.216144141304766,-1.1252397438826587,0.7639621787136882,1.236451811018618,0.2804785566615956,-1.201243375188642,7.2,Corn,120,55854,4080,High,Low,1
1.1641964488286451,-1.1252397438826587,1.1098485220334138,1.1188794372124502,0.9916411914456928,-0.9574314833126866,7.3,Soybean,123,72500,4428,Very High,Low,4
0.024551688913180655,1.0772346353552413,-0.10075367958562559,-0.056844300849228147,-0.1936298665278025,0.7492517598190023,13.2,Soybean,115,80545,3335,High,Very High,4
-0.43460953319768764,-0.5568592589180393,-0.7925263662250767,-1.1149956651047386,0.2804785566615956,1.7244993273228244,14.3,Rice,112,50556,2800,Medium,Very High,2
-1.1712494794618864,-1.6936202288472781,1.2827916936932764,-0.056844300849228147,1.2286954030403918,1.2368755435709133,6.0,Corn,123,27150,4551,Low,Low,1
1.2765092657478503,0.011521226046580067,0.4180758353939627,0.6485899419877789,-1.3789009245012978,0.017816084191135624,9.5,Wheat,113,95016,3616,Very High,Medium,5
-1.4189983403130744,1.2903773172169737,-1.3113558812046648,-1.467712786523242,-0.6677382897172006,1.4806874354468689,8.4,Barley,104,43056,2288,Low,Medium,0
-1.3198987959725992,1.0772346353552413,-0.10075367958562559,1.1188794372124502,1.2286954030403918,-1.201243375188642,13.7,Barley,123,44322,3567,Low,Very High,0
-0.338813307001895,1.2193297565963963,0.5910190070538255,0.6485899419877789,-0.9047925013118997,0.5054398679430467,5.8,Rice,117,72345,3861,Medium,Low,2
-1.5643443386791047,0.011521226046580067,-0.7925263662250767,0.6485899419877789,1.70280382622979,-0.46980769956077545,7.1,Corn,124,31376,3100,Low,Low,1
1.4846183088628482,1.006187074734664,-1.3113558812046648,-0.17441667465539598,-1.3789009245012978,-1.688867158940553,12.5,Corn,99,118536,2178,Very High,Very High,1
1.2963291746159453,0.7219968322523542,0.9369053503735509,0.5310175681816109,0.2804785566615956,-0.22599580768481992,5.5,Soybean,118,108360,4130,Very High,Low,4
-0.09767108244007205,-1.5515251076061232,-0.6195831945652139,-0.17441667465539598,0.2804785566615956,0.017816084191135624,9.9,Wheat,113,45136,2938,Medium,Medium,5
-0.048121310269834475,1.7877102415610155,1.628678037013002,-1.3501404127170742,-0.4306840781225016,0.7492517598190023,9.4,Sorghum,103,87417,4017,Medium,Medium,3
0.2194474594494485,0.8640919534935091,0.5910190070538255,-0.4095614222677316,0.7545869798509938,1.4806874354468689,8.3,Corn,119,82904,3927,High,Medium,1
-1.148126252449109,1.361424877837551,-0.27369685124548837,0.17830044676310752,-0.4306840781225016,0.017816084191135624,8.9,Sorghum,113,51150,3164,Low,Medium,3
-1.1712494794618864,1.361424877837551,0.7639621787136882,-0.9974232912985708,0.04342434506689656,-1.201243375188642,10.3,Barley,100,50499,3400,Low,High,0
0.23266073202817852,0.3667590291494672,-1.3113558812046648,-0.7622785436862352,-0.4306840781225016,1.4806874354468689,6.6,Sorghum,111,76472,2442,High,Low,3
-1.5180978846535496,0.9351395141140866,-1.4842990528645277,-1.467712786523242,-1.615955136095997,0.5054398679430467,10.7,Wheat,96,38106,2016,Low,High,5
-1.2868656145257742,0.6509492716317768,-1.4842990528645277,1.4715965586309536,-0.9047925013118997,-1.688867158940553,13.1,Wheat,115,42164,2415,Low,Very High,5
0.6422721819688092,-0.9120970620209264,-1.3113558812046648,-0.2919890484615638,1.2286954030403918,0.26162797606709115,12.6,Sorghum,117,66612,2574,High,Very High,3
-1.508187930219502,-0.41476413767688447,1.2827916936932764,-0.056844300849228147,-0.1936298665278025,1.2368755435709133,6.5,Rice,117,29988,4329,Low,Low,2
-1.0325101173852211,0.8640919534935091,0.5910190070538255,0.29587282056927533,1.2286954030403918,-0.46980769956077545,6.5,Corn,119,50310,3927,Low,Low,1
1.4416751729819757,1.361424877837551,1.628678037013002,0.4134451943754432,1.2286954030403918,0.7492517598190023,7.7,Rice,125,124062,4875,Very High,Low,2
-0.33220667071252996,1.7166626809404382,1.2827916936932764,-1.7028575341355776,-1.3789009245012978,0.26162797606709115,8.6,Sorghum,94,78106,3478,Medium,Medium,3
-0.9102873460319685,-0.5568592589180393,-0.10075367958562559,-1.1149956651047386,0.2804785566615956,-0.22599580768481992,9.1,Corn,104,41052,3016,Medium,Medium,1
0.4473764114325414,-1.0541921832620813,-1.4842990528645277,1.3540241848247858,0.04342434506689656,-1.688867158940553,11.8,Soybean,118,60947,2478,High,High,4
-1.207585979053394,1.7166626809404382,-1.6572422245243905,1.3540241848247858,0.04342434506689656,0.9930636516949578,5.6,Rice,129,52136,2580,Low,Low,2
-1.1084864347129189,1.5745675596992834,-1.1384127095448022,0.8837346896001145,-0.1936298665278025,0.9930636516949578,5.3,Rice,124,53952,2852,Low,Low,2
-0.9367138911894285,-0.9120970620209264,0.5910190070538255,1.3540241848247858,-0.9047925013118997,-1.688867158940553,8.9,Sorghum,114,37454,3762,Medium,Medium,3
0.7744049077561095,-0.6279068195386167,-1.6572422245243905,1.3540241848247858,-1.3789009245012978,-0.46980769956077545,12.0,Barley,117,73580,2340,High,High,0
-0.8706475282957784,-0.05952633457399735,0.5910190070538255,-1.5852851603294098,-1.1418467129065988,-0.713619591436731,6.9,Sorghum,92,46282,3036,Medium,Low,3
1.137769903671185,-0.41476413767688447,0.9369053503735509,1.0013070634062824,0.9916411914456928,0.26162797606709115,11.4,Rice,127,84456,4445,Very High,High,2
0.5266560469049215,-1.196287304503236,0.5910190070538255,-0.17441667465539598,-0.4306840781225016,-1.4450552670645975,7.6,Corn,104,60249,3432,High,Low,1
0.8338646343603946,0.4378065897700446,1.628678037013002,-1.1149956651047386,0.9916411914456928,0.017816084191135624,13.9,Barley,108,92000,4212,High,Very High,0
0.29542377677714615,-0.2726690164357296,-1.3113558812046648,-0.17441667465539598,0.9916411914456928,0.7492517598190023,14.0,Sorghum,119,69090,2618,High,Very High,3
-1.6171974289940247,-0.5568592589180393,-1.3113558812046648,-1.3501404127170742,-0.6677382897172006,-0.713619591436731,8.0,Sorghum,96,26928,2112,Low,Low,3
-1.4024817495896618,-0.13057389519457477,-0.27369685124548837,0.6485899419877789,0.9916411914456928,-1.4450552670645975,7.3,Rice,117,34056,3276,Low,Low,2
1.5044382177309432,0.8640919534935091,-0.7925263662250767,-0.879850917492403,0.04342434506689656,1.2368755435709133,9.1,Rice,111,116358,2775,Very High,Medium,2
-0.021694765112374427,-0.6279068195386167,0.4180758353939627,1.7067413062432892,-0.4306840781225016,0.5054398679430467,7.4,Soybean,128,57915,4096,Medium,Low,4
1.3690021737989606,-1.338382425744391,-1.4842990528645277,-1.467712786523242,-0.4306840781225016,0.7492517598190023,11.7,Sorghum,102,72160,2142,Very High,High,3
-0.8111878016914933,-1.196287304503236,-0.4466400229053511,0.4134451943754432,-1.615955136095997,0.7492517598190023,13.3,Rice,113,37164,3051,Medium,Very High,2
-0.8871641190191909,0.011521226046580067,-1.4842990528645277,1.7067413062432892,-0.9047925013118997,0.9930636516949578,11.7,Wheat,128,46546,2688,Medium,High,5
0.06749482479405323,-0.4858116982974619,-1.1384127095448022,-0.17441667465539598,-0.6677382897172006,-0.46980769956077545,13.2,Barley,107,61506,2461,High,Very High,0
-1.0721499351214112,0.011521226046580067,0.7639621787136882,1.3540241848247858,0.9916411914456928,0.5054398679430467,9.0,Wheat,131,42402,4454,Low,Medium,5
0.510139456181509,-0.9120970620209264,-1.1384127095448022,0.5310175681816109,0.7545869798509938,0.017816084191135624,6.6,Barley,121,64172,2783,High,Low,0
-1.0919698439895063,-0.6989543801591941,0.4180758353939627,0.17830044676310752,-1.1418467129065988,-0.9574314833126866,12.4,Sorghum,106,36288,3392,Low,Very High,3
-1.0853632077001414,0.08256878666715749,0.24513266373409992,1.1188794372124502,1.2286954030403918,-1.4450552670645975,8.6,Soybean,122,42675,3782,Low,Medium,4
-0.3487232614359425,1.1482821959758187,0.4180758353939627,-0.879850917492403,0.2804785566615956,0.9930636516949578,11.7,Rice,111,71280,3552,Medium,High,2
1.478011672573483,1.4324724384581284,0.5910190070538255,1.0013070634062824,-1.615955136095997,0.7492517598190023,7.7,Rice,118,126430,3894,Very High,Low,2
0.9792106327264248,0.08256878666715749,1.628678037013002,-0.17441667465539598,-0.4306840781225016,-0.713619591436731,5.8,Rice,107,89550,4173,High,Low,2
0.4473764114325414,1.5745675596992834,1.2827916936932764,1.236451811018618,-0.4306840781225016,1.7244993273228244,14.9,Sorghum,129,99168,4773,High,Very High,3
-1.0060835722277612,0.508854150390622,-0.7925263662250767,-1.1149956651047386,0.5175327682562947,0.9930636516949578,6.6,Barley,110,48033,2750,Low,Low,0
0.06088818850468822,-1.0541921832620813,0.07218949207423717,0.8837346896001145,-0.6677382897172006,-1.4450552670645975,14.9,Rice,112,54044,3360,High,Very High,2
-1.5511310661003745,-0.6279068195386167,-1.4842990528645277,0.7661623157939467,0.9916411914456928,-1.4450552670645975,14.8,Wheat,118,27820,2478,Low,Very High,5
-1.1018797984235538,-1.2673348651238134,1.4557348653531392,0.06072807295693968,1.70280382622979,1.7244993273228244,12.9,Rice,128,31584,4864,Low,Very High,2
-0.2529270352401498,-0.5568592589180393,1.4557348653531392,1.1188794372124502,-0.6677382897172006,-0.46980769956077545,11.6,Sorghum,118,54186,4484,Medium,High,3
-0.5271024412487978,-0.13057389519457477,-0.9654695378849394,0.4134451943754432,0.5175327682562947,0.7492517598190023,10.8,Soybean,122,53136,2928,Medium,High,4
0.49362286545809647,0.08256878666715749,1.4557348653531392,-0.17441667465539598,1.465749614635091,0.5054398679430467,13.7,Wheat,120,78525,4560,High,Very High,5
-0.008481492533644403,-0.2726690164357296,-1.4842990528645277,0.4134451943754432,1.2286954030403918,0.26162797606709115,7.9,Rice,123,62650,2583,Medium,Low,2
-0.44121616948705267,-0.2016214558151522,-0.10075367958562559,-1.467712786523242,-0.6677382897172006,1.2368755435709133,9.7,Rice,103,54244,2987,Medium,Medium,2
1.10473672222436,-1.2673348651238134,-1.4842990528645277,-0.6447061698800672,-0.4306840781225016,-0.9574314833126866,11.2,Corn,102,68992,2142,Very High,High,1
-0.5171924868147503,-0.7700019407797716,0.07218949207423717,0.4134451943754432,0.04342434506689656,-0.46980769956077545,9.1,Barley,115,46683,3450,Medium,Medium,0
0.00473178004508562,-0.6989543801591941,1.2827916936932764,-0.7622785436862352,-1.3789009245012978,-0.22599580768481992,9.3,Wheat,100,57536,3700,Medium,Medium,5
0.5233527287602391,-1.2673348651238134,0.7639621787136882,1.4715965586309536,-0.4306840781225016,1.2368755435709133,8.3,Corn,129,59136,4386,High,Medium,1
0.04106827963659318,-1.1252397438826587,-0.27369685124548837,0.5310175681816109,-1.615955136095997,0.7492517598190023,10.6,Soybean,114,52780,3192,High,High,4
-0.5667422589849879,1.6456151203198608,1.4557348653531392,-0.2919890484615638,-0.9047925013118997,-0.46980769956077545,13.5,Barley,105,70422,3990,Medium,Very High,0
-0.9301072549000635,-1.196287304503236,-0.27369685124548837,-0.9974232912985708,1.465749614635091,0.017816084191135624,7.0,Wheat,111,35112,3108,Medium,Low,5
-0.652628530746733,1.7877102415610155,-1.3113558812046648,-0.17441667465539598,0.5175327682562947,-0.9574314833126866,14.3,Rice,110,69300,2420,Medium,Very High,2
-1.2108892971980765,-0.13057389519457477,-0.27369685124548837,-0.7622785436862352,-1.1418467129065988,0.9930636516949578,11.9,Wheat,106,38232,2968,Low,High,5
1.0089404960285673,0.29571146852888974,0.5910190070538255,1.3540241848247858,0.2804785566615956,1.7244993273228244,13.2,Rice,133,93834,4389,Very High,Very High,2
-1.415695022168392,-0.4858116982974619,1.4557348653531392,1.4715965586309536,-1.1418467129065988,-1.688867158940553,10.6,Barley,114,31423,4332,Low,High,0
-0.8144911198361758,0.4378065897700446,-0.6195831945652139,0.8837346896001145,1.70280382622979,-0.22599580768481992,12.8,Rice,127,52080,3302,Medium,Very High,2
-0.2760502622529274,0.3667590291494672,0.9369053503735509,1.1188794372124502,-0.4306840781225016,-1.201243375188642,5.2,Soybean,116,64306,4060,Medium,Low,4
0.9527840875689648,1.006187074734664,0.9369053503735509,1.4715965586309536,-1.615955136095997,1.4806874354468689,13.2,Sorghum,125,104368,4375,High,Very High,3
-0.1769507179124522,0.7219968322523542,-1.6572422245243905,0.4134451943754432,0.9916411914456928,-0.46980769956077545,5.4,Rice,119,70896,2380,Medium,Low,2
1.2467794024457077,-0.4858116982974619,-1.1384127095448022,-0.056844300849228147,-0.4306840781225016,-1.4450552670645975,13.9,Soybean,105,85425,2415,Very High,Very High,4
-1.0457233899639513,1.2193297565963963,-1.1384127095448022,0.5310175681816109,-0.9047925013118997,0.26162797606709115,14.9,Sorghum,115,52871,2645,Low,Very High,3
-1.095273162134189,1.006187074734664,-0.6195831945652139,-0.17441667465539598,0.04342434506689656,-1.688867158940553,7.9,Barley,105,49808,2730,Low,Low,0
-1.3463253411300593,-0.5568592589180393,-0.4466400229053511,1.0013070634062824,1.2286954030403918,-0.46980769956077545,7.1,Barley,125,32340,3375,Low,Low,0
0.7116418630071418,-0.7700019407797716,1.1098485220334138,-1.1149956651047386,0.7545869798509938,-0.46980769956077545,12.7,Wheat,105,70119,3780,High,Very High,5
1.1873196758414226,0.4378065897700446,-0.9654695378849394,0.6485899419877789,0.2804785566615956,-0.713619591436731,7.5,Soybean,117,100560,2808,Very High,Low,4
0.1071346425302433,-0.05952633457399735,-0.6195831945652139,1.5891689324371214,-0.9047925013118997,1.2368755435709133,13.7,Soybean,128,67890,3328,High,Very High,4
-1.5180978846535496,0.7219968322523542,1.628678037013002,-1.3501404127170742,0.5175327682562947,-0.713619591436731,6.0,Corn,101,36792,3939,Low,Low,1
-1.2307092060661715,1.361424877837551,1.628678037013002,-0.879850917492403,0.9916411914456928,-1.688867158940553,6.3,Corn,103,48825,4017,Low,Low,1
-0.15713080904435717,1.4324724384581284,-1.1384127095448022,0.17830044676310752,0.5175327682562947,0.5054398679430467,14.8,Sorghum,119,79900,2737,Medium,Very High,3
-1.0754532532660939,0.6509492716317768,-0.7925263662250767,1.7067413062432892,-0.4306840781225016,0.9930636516949578,11.7,Sorghum,130,47476,3250,Low,High,3
0.510139456181509,-1.5515251076061232,-0.6195831945652139,-0.7622785436862352,-1.615955136095997,-0.713619591436731,13.5,Corn,97,54704,2522,High,Very High,1
0.8437745887944421,0.8640919534935091,1.2827916936932764,-1.7028575341355776,-0.9047925013118997,-1.4450552670645975,8.2,Sorghum,89,99158,3293,High,Medium,3
-0.920197300466016,1.2903773172169737,-0.9654695378849394,1.0013070634062824,-0.1936298665278025,-0.22599580768481992,11.8,Rice,120,56948,2880,Medium,High,2
0.4605896840112714,1.0772346353552413,1.628678037013002,0.5310175681816109,0.9916411914456928,-1.201243375188642,10.9,Corn,117,92293,4563,High,High,1
-1.455334839904582,0.08256878666715749,-1.3113558812046648,1.1188794372124502,1.70280382622979,1.2368755435709133,11.0,Soybean,135,34275,2970,Low,High,4
0.5332626831942865,-0.13057389519457477,-0.6195831945652139,-0.17441667465539598,-1.615955136095997,1.7244993273228244,11.8,Rice,112,76248,2912,High,High,2
-0.07454785542729452,1.361424877837551,0.5910190070538255,-0.5271337960738994,0.04342434506689656,-0.9574314833126866,10.8,Sorghum,105,81375,3465,Medium,High,3
-0.14061421832094465,1.006187074734664,-0.6195831945652139,0.6485899419877789,0.9916411914456928,-1.201243375188642,9.3,Barley,118,75240,3068,Medium,Medium,0
1.09152344964563,-0.6989543801591941,-0.9654695378849394,-1.467712786523242,0.5175327682562947,-1.201243375188642,7.8,Wheat,98,78592,2352,Very High,Low,5
1.3095424471946755,1.7166626809404382,-0.9654695378849394,-0.7622785436862352,0.9916411914456928,-0.9574314833126866,12.7,Corn,107,126812,2568,Very High,Very High,1
-0.4544294420657827,-1.4804775469855458,-1.4842990528645277,1.3540241848247858,0.7545869798509938,-0.713619591436731,7.3,Barley,125,40280,2625,Medium,Low,0
1.4416751729819757,0.29571146852888974,-0.7925263662250767,-0.17441667465539598,-0.4306840781225016,-1.688867158940553,11.9,Sorghum,103,104052,2575,Very High,High,3
-1.6436239741514849,-0.2016214558151522,0.7639621787136882,1.7067413062432892,-0.6677382897172006,-0.9574314833126866,7.3,Soybean,121,28400,4114,Low,Low,4
-0.36854317030403755,0.011521226046580067,-0.10075367958562559,-0.7622785436862352,0.5175327682562947,0.9930636516949578,11.3,Wheat,113,58164,3277,Medium,High,5
1.5672012624799108,-0.841049501400349,-0.6195831945652139,-1.3501404127170742,0.7545869798509938,0.9930636516949578,12.5,Barley,109,85064,2834,Very High,Very High,0
-0.49737257794665524,-0.4858116982974619,-0.9654695378849394,1.3540241848247858,1.70280382622979,0.7492517598190023,7.2,Wheat,135,50049,3240,Medium,Low,5
