mean_fit_time,std_fit_time,mean_score_time,std_score_time,param_model__colsample_bytree,param_model__learning_rate,param_model__max_depth,param_model__n_estimators,param_model__reg_lambda,param_model__subsample,params,split0_test_score,split1_test_score,split2_test_score,split3_test_score,split4_test_score,mean_test_score,std_test_score,rank_test_score,split0_train_score,split1_train_score,split2_train_score,split3_train_score,split4_train_score,mean_train_score,std_train_score,mean_validation_rmse,std_validation_rmse
0.02592616081237793,0.006019535457260649,0.003820991516113281,0.0014034651577195605,1.0,0.01,3,100,1,1.0,"{'model__colsample_bytree': 1.0, 'model__learning_rate': 0.01, 'model__max_depth': 3, 'model__n_estimators': 100, 'model__reg_lambda': 1, 'model__subsample': 1.0}",-2.6589192360536074,-2.758817806430545,-2.6927390448434543,-2.67641700744845,-2.8190490687470775,-2.7211884327046265,0.059470959121820134,1,-2.6159950754083865,-2.5988355290327987,-2.626476965434977,-2.6430492158784964,-2.6151308654726746,-2.619897530245467,0.014566040347037752,2.7211884327046265,0.059470959121820134
0.06314525604248047,0.005182187365762581,0.004399633407592774,0.0012028440571689389,0.7,0.01,3,100,1,1.0,"{'model__colsample_bytree': 0.7, 'model__learning_rate': 0.01, 'model__max_depth': 3, 'model__n_estimators': 100, 'model__reg_lambda': 1, 'model__subsample': 1.0}",-2.6674529934013864,-2.7554793640330417,-2.699563250821423,-2.6751476353843584,-2.812858631282278,-2.7221003749844974,0.054863532572204776,2,-2.627085540676909,-2.606397869155263,-2.6277588922293136,-2.635491283128412,-2.6182123604591494,-2.6229891891298096,0.00993903927602013,2.7221003749844974,0.054863532572204776
0.049628400802612306,0.00450461445682373,0.0066112041473388675,0.002001908756073723,1.0,0.01,3,200,5,0.7,"{'model__colsample_bytree': 1.0, 'model__learning_rate': 0.01, 'model__max_depth': 3, 'model__n_estimators': 200, 'model__reg_lambda': 5, 'model__subsample': 0.7}",-2.688778649644299,-2.7449714811998547,-2.7013958243769394,-2.6732775764892365,-2.802645154761877,-2.722213737294441,0.046761450452806934,3,-2.517131113254077,-2.5125861195094585,-2.520773976881713,-2.529610290633405,-2.5027470458182144,-2.5165697092193735,0.008888001070673177,2.722213737294441,0.046761450452806934
0.044850635528564456,0.004571867452400681,0.005793333053588867,0.002184240387621445,1.0,0.01,3,200,5,1.0,"{'model__colsample_bytree': 1.0, 'model__learning_rate': 0.01, 'model__max_depth': 3, 'model__n_estimators': 200, 'model__reg_lambda': 5, 'model__subsample': 1.0}",-2.6702378717657735,-2.76564938316569,-2.695800044523661,-2.6738213565508655,-2.80608754679029,-2.7223192405592562,0.054152399529805835,4,-2.5384107884220573,-2.520157291369975,-2.5543744835907383,-2.549292791202758,-2.532176304655314,-2.5388823318481686,0.012200038724630024,2.7223192405592562,0.054152399529805835
0.026213932037353515,0.008170782456024319,0.0033374309539794924,0.0007371985187041729,1.0,0.01,3,100,1,0.7,"{'model__colsample_bytree': 1.0, 'model__learning_rate': 0.01, 'model__max_depth': 3, 'model__n_estimators': 100, 'model__reg_lambda': 1, 'model__subsample': 0.7}",-2.6740057491487055,-2.7549138119223584,-2.701222738396422,-2.666173179831656,-2.8176636968264295,-2.7227958352251145,0.0567159090588538,5,-2.60765380589906,-2.595489641022969,-2.6086140435132967,-2.6187408531780845,-2.589396741585047,-2.6039790170396917,0.010369297105755576,2.7227958352251145,0.0567159090588538
0.04635038375854492,0.0055161982561674336,0.0035887241363525392,0.0009926982977376494,1.0,0.01,3,200,1,0.7,"{'model__colsample_bytree': 1.0, 'model__learning_rate': 0.01, 'model__max_depth': 3, 'model__n_estimators': 200, 'model__reg_lambda': 1, 'model__subsample': 0.7}",-2.685536104021679,-2.7543845869834267,-2.709789829443015,-2.6636164349978104,-2.801383463752633,-2.7229420838397127,0.049463931948361864,6,-2.4910072703591295,-2.4851563594186366,-2.4951929306853398,-2.5089143542798955,-2.4823867730039955,-2.4925315375493993,0.00932858604568296,2.7229420838397127,0.049463931948361864
0.02805294990539551,0.005154267778799857,0.005070400238037109,0.0011247024471861024,1.0,0.01,3,100,5,1.0,"{'model__colsample_bytree': 1.0, 'model__learning_rate': 0.01, 'model__max_depth': 3, 'model__n_estimators': 100, 'model__reg_lambda': 5, 'model__subsample': 1.0}",-2.6650417300485403,-2.7598580910310853,-2.6864381053172384,-2.688863108815854,-2.814964084264845,-2.7230330238955127,0.05599494040449864,7,-2.626318013118501,-2.6154326903228826,-2.6401090731862076,-2.6561539371641176,-2.6254285489645888,-2.6326884525512595,0.014119097757722182,2.7230330238955127,0.05599494040449864
0.062006235122680664,0.003568701406650884,0.0047566890716552734,0.0007565369028476551,0.7,0.01,3,100,1,0.7,"{'model__colsample_bytree': 0.7, 'model__learning_rate': 0.01, 'model__max_depth': 3, 'model__n_estimators': 100, 'model__reg_lambda': 1, 'model__subsample': 0.7}",-2.6798511027916208,-2.7476692469182984,-2.7030838845219307,-2.669560224448718,-2.8207245071755014,-2.724177793171214,0.05525577555232806,8,-2.616452849706017,-2.6007315392994266,-2.612962321994796,-2.6292985233348625,-2.5978150467338446,-2.611452056213789,0.011372622718194529,2.724177793171214,0.05525577555232806
0.026584148406982422,0.002211194985230219,0.004136085510253906,0.0009818401882474106,1.0,0.01,3,100,5,0.7,"{'model__colsample_bytree': 1.0, 'model__learning_rate': 0.01, 'model__max_depth': 3, 'model__n_estimators': 100, 'model__reg_lambda': 5, 'model__subsample': 0.7}",-2.675250939798761,-2.7491128821068407,-2.706765888321474,-2.681144210491489,-2.813985478868604,-2.7252518799174337,0.05143988998537113,9,-2.624539367563363,-2.613774486721131,-2.622873757750773,-2.6304855734192176,-2.602783855494078,-2.6188914081897123,0.009672841977828682,2.7252518799174337,0.05143988998537113
0.03788280487060547,0.008113954429028996,0.005051422119140625,0.0028996623140296446,0.7,0.01,3,200,5,1.0,"{'model__colsample_bytree': 0.7, 'model__learning_rate': 0.01, 'model__max_depth': 3, 'model__n_estimators': 200, 'model__reg_lambda': 5, 'model__subsample': 1.0}",-2.69296778611576,-2.7608998971280982,-2.687120906592879,-2.678130602148534,-2.808113849056828,-2.72544660820842,0.050701767470217804,10,-2.5435030642993675,-2.536023425111644,-2.5573755190894243,-2.5561879596345065,-2.5421810720101155,-2.5470542080290115,0.008342555107567769,2.72544660820842,0.050701767470217804
0.03460826873779297,0.005120117156039309,0.004008102416992188,0.002077810579091092,0.7,0.01,3,200,1,0.7,"{'model__colsample_bytree': 0.7, 'model__learning_rate': 0.01, 'model__max_depth': 3, 'model__n_estimators': 200, 'model__reg_lambda': 1, 'model__subsample': 0.7}",-2.6937609720841666,-2.748419194499394,-2.7066187907534163,-2.664034907125956,-2.819047903551299,-2.7263763536028462,0.053692612815597354,11,-2.509517577081626,-2.4981625969016785,-2.5107595264022424,-2.5222341313087075,-2.5012097533589635,-2.508376717010644,0.008422599253333968,2.7263763536028462,0.053692612815597354
0.03910284042358399,0.008409287788691556,0.0035085201263427733,0.0010534253583135227,0.7,0.01,3,200,5,0.7,"{'model__colsample_bytree': 0.7, 'model__learning_rate': 0.01, 'model__max_depth': 3, 'model__n_estimators': 200, 'model__reg_lambda': 5, 'model__subsample': 0.7}",-2.688433371911254,-2.748560749006536,-2.7018399780811513,-2.6775203684921594,-2.8186930775675254,-2.727009509011725,0.0518481076967421,12,-2.5356544336551177,-2.525720142676877,-2.5339564767766536,-2.5452449956601995,-2.5224416308951283,-2.5326035359327954,0.008019854694304808,2.727009509011725,0.0518481076967421
0.02252359390258789,0.0035545509320209436,0.0040377616882324215,0.0014476556440176762,0.7,0.01,3,100,5,1.0,"{'model__colsample_bytree': 0.7, 'model__learning_rate': 0.01, 'model__max_depth': 3, 'model__n_estimators': 100, 'model__reg_lambda': 5, 'model__subsample': 1.0}",-2.6747274146457514,-2.759697320107526,-2.6965682695451934,-2.687554868725589,-2.81904970945899,-2.72751951649661,0.05432374443297144,13,-2.642942835005525,-2.625446208514606,-2.6411205092011127,-2.648206030777018,-2.6262077519406386,-2.63678466708778,0.009247722793230136,2.72751951649661,0.05432374443297144
0.037218332290649414,0.003500195114922953,0.003639411926269531,0.0010394862965116445,0.7,0.01,5,100,1,1.0,"{'model__colsample_bytree': 0.7, 'model__learning_rate': 0.01, 'model__max_depth': 5, 'model__n_estimators': 100, 'model__reg_lambda': 1, 'model__subsample': 1.0}",-2.6558788455970763,-2.756240407023613,-2.7048389115594795,-2.6937965602367884,-2.828476084950832,-2.7278461618735577,0.059666771534675825,14,-2.467105753763658,-2.502794298428647,-2.4906020346492124,-2.472124110624488,-2.487884327383058,-2.484102104969813,0.012948364308919321,2.7278461618735577,0.059666771534675825
0.05280404090881348,0.006593036809906392,0.00488433837890625,0.0017784995759983987,1.0,0.01,5,100,5,1.0,"{'model__colsample_bytree': 1.0, 'model__learning_rate': 0.01, 'model__max_depth': 5, 'model__n_estimators': 100, 'model__reg_lambda': 5, 'model__subsample': 1.0}",-2.644479323221978,-2.780023341761727,-2.700267865359415,-2.6950447324505826,-2.819755440011686,-2.727914140561078,0.06317638229752523,15,-2.482838905826542,-2.5132887056722173,-2.5240824341635286,-2.5189817218666697,-2.501511943141653,-2.5081407421341217,0.014712510401217408,2.727914140561078,0.06317638229752523
0.03613624572753906,0.016410814144338686,0.0050827980041503905,0.0017071746246845835,0.7,0.01,3,100,5,0.7,"{'model__colsample_bytree': 0.7, 'model__learning_rate': 0.01, 'model__max_depth': 3, 'model__n_estimators': 100, 'model__reg_lambda': 5, 'model__subsample': 0.7}",-2.676155710960993,-2.748784592770503,-2.7081318860537054,-2.684651823545682,-2.823226623294588,-2.728190127325094,0.05378022870606638,16,-2.6329655586363607,-2.6171034709348313,-2.6272165021039156,-2.643522806683313,-2.6109183725727925,-2.6263453421862426,0.011515685369778593,2.728190127325094,0.05378022870606638
0.036246538162231445,0.004968863759663828,0.0029302120208740236,0.00024843670809749567,0.7,0.01,3,200,1,1.0,"{'model__colsample_bytree': 0.7, 'model__learning_rate': 0.01, 'model__max_depth': 3, 'model__n_estimators': 200, 'model__reg_lambda': 1, 'model__subsample': 1.0}",-2.6927676069494444,-2.7617244940395924,-2.7147227465965837,-2.670216155351336,-2.814696036737755,-2.730825407934943,0.05171113867370318,17,-2.5113085995815605,-2.5076851118226458,-2.5394215359401606,-2.533299907217833,-2.5079156266402696,-2.5199261562404938,0.013618262130870994,2.730825407934943,0.05171113867370318
0.04655928611755371,0.011154667915611543,0.004111528396606445,0.002241189352341734,1.0,0.01,3,200,1,1.0,"{'model__colsample_bytree': 1.0, 'model__learning_rate': 0.01, 'model__max_depth': 3, 'model__n_estimators': 200, 'model__reg_lambda': 1, 'model__subsample': 1.0}",-2.67709223152784,-2.764287647799716,-2.716243970586927,-2.67145174780299,-2.828533682775369,-2.7315218560985683,0.05880358381634976,18,-2.509696591094169,-2.492706172701264,-2.5346351666908,-2.532028016540275,-2.5043823803334946,-2.514689665472001,0.016204235925867703,2.7315218560985683,0.05880358381634976
0.06893935203552246,0.008612049940219819,0.005440282821655274,0.0030002057259554907,1.0,0.01,3,300,5,0.7,"{'model__colsample_bytree': 1.0, 'model__learning_rate': 0.01, 'model__max_depth': 3, 'model__n_estimators': 300, 'model__reg_lambda': 5, 'model__subsample': 0.7}",-2.7031506612285203,-2.75237143089821,-2.714740590677402,-2.683508609710424,-2.805207920021267,-2.731795842507165,0.043025045820321725,19,-2.435318366878457,-2.4289632060980915,-2.435559622366772,-2.443075126183772,-2.4274730406499088,-2.4340778724354,0.005558211924560024,2.731795842507165,0.043025045820321725
0.0746391773223877,0.01691151991394436,0.007525634765625,0.003571706387036007,0.7,0.01,3,300,5,0.7,"{'model__colsample_bytree': 0.7, 'model__learning_rate': 0.01, 'model__max_depth': 3, 'model__n_estimators': 300, 'model__reg_lambda': 5, 'model__subsample': 0.7}",-2.706177538272828,-2.752985155426913,-2.7012487094760718,-2.685360045612361,-2.819935461071492,-2.733141381971933,0.04889628828845329,20,-2.452055897410738,-2.4480801546699626,-2.454475123388651,-2.459869246813266,-2.447398908556751,-2.452375866167874,0.004558141259712518,2.733141381971933,0.04889628828845329
0.06404600143432618,0.009870795787214394,0.003753948211669922,0.0012096158506786023,1.0,0.01,3,300,5,1.0,"{'model__colsample_bytree': 1.0, 'model__learning_rate': 0.01, 'model__max_depth': 3, 'model__n_estimators': 300, 'model__reg_lambda': 5, 'model__subsample': 1.0}",-2.6865686704457006,-2.7728302997616963,-2.716087586070409,-2.672019224284645,-2.8212349370293643,-2.7337481435183633,0.055730801921404956,21,-2.461445005584837,-2.4408197550083464,-2.498320442592324,-2.4700990180453406,-2.449480271214284,-2.4640328984890267,0.019848222427425916,2.7337481435183633,0.055730801921404956
0.06078290939331055,0.002516447287438617,0.0052395820617675785,0.003103125248667197,1.0,0.01,3,300,1,0.7,"{'model__colsample_bytree': 1.0, 'model__learning_rate': 0.01, 'model__max_depth': 3, 'model__n_estimators': 300, 'model__reg_lambda': 1, 'model__subsample': 0.7}",-2.704668397670186,-2.766123870089088,-2.729228707625494,-2.670340222641759,-2.7987775164964597,-2.733827742904597,0.04508568883775271,22,-2.399799397492584,-2.3930932955162376,-2.40123999828041,-2.416340279049643,-2.401562014207332,-2.4024069969092414,0.007612579603866808,2.733827742904597,0.04508568883775271
0.05478138923645019,0.007452279175581215,0.004582691192626953,0.0010890469899117038,1.0,0.01,5,100,1,1.0,"{'model__colsample_bytree': 1.0, 'model__learning_rate': 0.01, 'model__max_depth': 5, 'model__n_estimators': 100, 'model__reg_lambda': 1, 'model__subsample': 1.0}",-2.6506290797586347,-2.7724217215861957,-2.7097658341310504,-2.719110453929242,-2.8173134836154725,-2.733848114604119,0.05688049510223064,23,-2.467378859603189,-2.4831091495670377,-2.4961822631610584,-2.476988308926571,-2.483360885569529,-2.481403893365477,0.009395071995307515,2.733848114604119,0.05688049510223064
0.046989822387695314,0.012612311296117106,0.003845977783203125,0.0014791431263948224,0.7,0.01,5,100,1,0.7,"{'model__colsample_bytree': 0.7, 'model__learning_rate': 0.01, 'model__max_depth': 5, 'model__n_estimators': 100, 'model__reg_lambda': 1, 'model__subsample': 0.7}",-2.6889732560569644,-2.756753539042221,-2.7185811391620995,-2.680548789842873,-2.8250979599222186,-2.733990936805275,0.05279913301776864,24,-2.4483137630816407,-2.4493638259940727,-2.4592183849350016,-2.448491504601928,-2.450519195003352,-2.4511813347231994,0.004093753688165692,2.733990936805275,0.05279913301776864
0.03856654167175293,0.010369313954311975,0.0049880027770996095,0.0020061129043809456,0.7,0.01,5,100,5,1.0,"{'model__colsample_bytree': 0.7, 'model__learning_rate': 0.01, 'model__max_depth': 5, 'model__n_estimators': 100, 'model__reg_lambda': 5, 'model__subsample': 1.0}",-2.6709585822150164,-2.7667568280295285,-2.703883387515772,-2.700448532445263,-2.8309841823227027,-2.7346063025056564,0.0574178283613375,25,-2.5003907505701704,-2.539954998139019,-2.519391238125891,-2.4943523491136497,-2.50025687615224,-2.510869242420194,0.016815674059038267,2.7346063025056564,0.0574178283613375
0.06513381004333496,0.02540127556515654,0.008741140365600586,0.007077637370990604,0.7,0.01,3,300,1,0.7,"{'model__colsample_bytree': 0.7, 'model__learning_rate': 0.01, 'model__max_depth': 3, 'model__n_estimators': 300, 'model__reg_lambda': 1, 'model__subsample': 0.7}",-2.711852822915249,-2.7521829124480752,-2.7120056199478038,-2.674634674740595,-2.8228263470265826,-2.734700475415661,0.05043169033851675,26,-2.4173737642266544,-2.414648282034197,-2.4234179546347634,-2.430029832197353,-2.418131121174493,-2.420720190853492,0.005453756156122468,2.734700475415661,0.05043169033851675
0.05294322967529297,0.011769980588047058,0.005875825881958008,0.003832880024607828,1.0,0.01,5,100,1,0.7,"{'model__colsample_bytree': 1.0, 'model__learning_rate': 0.01, 'model__max_depth': 5, 'model__n_estimators': 100, 'model__reg_lambda': 1, 'model__subsample': 0.7}",-2.6884025070506916,-2.767331214396944,-2.710644326956074,-2.6891597178867417,-2.822422815781171,-2.735592116414325,0.05206180895254362,27,-2.4259453924019843,-2.4508168407603703,-2.4500315719189962,-2.4330350607519518,-2.429114065284918,-2.437788586223644,0.010561540350101867,2.735592116414325,0.05206180895254362
0.048411226272583006,0.0029491256570726163,0.004713773727416992,0.0011690384002097346,1.0,0.01,5,100,5,0.7,"{'model__colsample_bytree': 1.0, 'model__learning_rate': 0.01, 'model__max_depth': 5, 'model__n_estimators': 100, 'model__reg_lambda': 5, 'model__subsample': 0.7}",-2.688745718179243,-2.7643947574651473,-2.714438320521505,-2.6950717173066128,-2.8200494811487102,-2.7365399989242434,0.04948154612628774,28,-2.470576857509242,-2.490231565583393,-2.4736738150393665,-2.4746443953560724,-2.465644332809283,-2.4749541932594714,0.00825794185161673,2.7365399989242434,0.04948154612628774
0.08677854537963867,0.014088334510414252,0.006051778793334961,0.005864777401223214,1.0,0.01,5,200,5,1.0,"{'model__colsample_bytree': 1.0, 'model__learning_rate': 0.01, 'model__max_depth': 5, 'model__n_estimators': 200, 'model__reg_lambda': 5, 'model__subsample': 1.0}",-2.6583863634707625,-2.7921306354952584,-2.695771424226014,-2.7077051530725087,-2.8299608700581027,-2.7367908892645296,0.06390458365528967,29,-2.271979895886051,-2.3102946475101915,-2.326214382269962,-2.306320508348906,-2.315533022087007,-2.3060684912204237,0.018305138689414985,2.7367908892645296,0.06390458365528967
0.07457561492919922,0.00773168117589842,0.007937145233154298,0.0032974393382043613,0.7,0.01,5,200,5,1.0,"{'model__colsample_bytree': 0.7, 'model__learning_rate': 0.01, 'model__max_depth': 5, 'model__n_estimators': 200, 'model__reg_lambda': 5, 'model__subsample': 1.0}",-2.6844668403645366,-2.7655475140965176,-2.700061523632899,-2.7125804589873947,-2.8262534072619463,-2.7377819488686588,0.05195877583174183,30,-2.3031195659556976,-2.359784052343626,-2.3346712181224643,-2.294672777772851,-2.319341553507203,-2.3223178335403682,0.02322931118877334,2.7377819488686588,0.05195877583174183
0.06117501258850098,0.018255045490347233,0.0033882617950439452,0.00036953737179720443,0.7,0.01,3,300,5,1.0,"{'model__colsample_bytree': 0.7, 'model__learning_rate': 0.01, 'model__max_depth': 3, 'model__n_estimators': 300, 'model__reg_lambda': 5, 'model__subsample': 1.0}",-2.7089101381369782,-2.774201313477424,-2.708622464586888,-2.684250837937161,-2.814893493164032,-2.7381756494604965,0.048623496783774305,31,-2.464179477851588,-2.4586978175835457,-2.4975166897700314,-2.4783388335493775,-2.4631445980424087,-2.4723754833593903,0.014192280270384886,2.7381756494604965,0.048623496783774305
0.03345885276794434,0.0017021703971153905,0.0033535480499267576,0.0010000982352564873,0.7,0.01,5,100,5,0.7,"{'model__colsample_bytree': 0.7, 'model__learning_rate': 0.01, 'model__max_depth': 5, 'model__n_estimators': 100, 'model__reg_lambda': 5, 'model__subsample': 0.7}",-2.697022440616603,-2.7538401204464877,-2.7200470661399505,-2.6991279140388085,-2.822945051884722,-2.7385965186253145,0.04685573466990579,32,-2.4876863911595923,-2.4921968256381106,-2.488304133820777,-2.4932506198138027,-2.489199754795092,-2.4901275450454747,0.0021991077152901896,2.7385965186253145,0.04685573466990579
0.08030776977539063,0.009540916108545877,0.003902244567871094,0.0013140133781312242,0.7,0.01,7,100,1,0.7,"{'model__colsample_bytree': 0.7, 'model__learning_rate': 0.01, 'model__max_depth': 7, 'model__n_estimators': 100, 'model__reg_lambda': 1, 'model__subsample': 0.7}",-2.7048433502744844,-2.759224586865777,-2.7158217594522465,-2.696111565168416,-2.8291913733731326,-2.741038527026811,0.049124464740681044,33,-2.2347271019690704,-2.258859755447531,-2.268835504279081,-2.2231542732544347,-2.2556740793059933,-2.248250142851222,0.016757751177070953,2.741038527026811,0.049124464740681044
0.06542062759399414,0.00463337205073615,0.005282783508300781,0.0033032786965583516,1.0,0.01,3,300,1,1.0,"{'model__colsample_bytree': 1.0, 'model__learning_rate': 0.01, 'model__max_depth': 3, 'model__n_estimators': 300, 'model__reg_lambda': 1, 'model__subsample': 1.0}",-2.689764997381562,-2.770908536423024,-2.7429693319501975,-2.667135886414763,-2.837409052669297,-2.7416375609677686,0.060451641177051166,34,-2.4264324558149872,-2.4165694125025543,-2.4573685424799523,-2.4552186044103794,-2.4252265659949908,-2.436163116240573,0.01679874305505529,2.7416375609677686,0.060451641177051166
0.08457794189453124,0.010228212785013182,0.003635215759277344,0.0007152202184123137,0.7,0.01,7,100,5,0.7,"{'model__colsample_bytree': 0.7, 'model__learning_rate': 0.01, 'model__max_depth': 7, 'model__n_estimators': 100, 'model__reg_lambda': 5, 'model__subsample': 0.7}",-2.700130815511569,-2.751244874801702,-2.7226275663959076,-2.7127817352921038,-2.8253204170702086,-2.7424210818142987,0.044741255787903236,35,-2.325227614082474,-2.3403829659603668,-2.331772751556159,-2.3224633296702097,-2.3405903132509946,-2.332087394904041,0.007495256427192511,2.7424210818142987,0.044741255787903236
0.08174796104431152,0.020075183762129998,0.005454492568969726,0.004972423538990015,0.7,0.01,3,300,1,1.0,"{'model__colsample_bytree': 0.7, 'model__learning_rate': 0.01, 'model__max_depth': 3, 'model__n_estimators': 300, 'model__reg_lambda': 1, 'model__subsample': 1.0}",-2.712311374156573,-2.766568826088702,-2.7348321226836316,-2.6849077063388074,-2.830213115071437,-2.74576662886783,0.05001313104782174,36,-2.4321778280973887,-2.4223290341395876,-2.462772665491304,-2.4525982464879426,-2.4330966965819663,-2.440594894159638,0.014809764472396113,2.74576662886783,0.05001313104782174
0.08508839607238769,0.011135829959362074,0.00655217170715332,0.003335318225571193,0.7,0.01,5,200,1,1.0,"{'model__colsample_bytree': 0.7, 'model__learning_rate': 0.01, 'model__max_depth': 5, 'model__n_estimators': 200, 'model__reg_lambda': 1, 'model__subsample': 1.0}",-2.6905196250186267,-2.770288792746797,-2.7289158936487508,-2.7143594285211434,-2.8310876430042096,-2.7470342765879057,0.04938738354318932,37,-2.215718533686494,-2.2670944484935682,-2.295451626519508,-2.2495526962844146,-2.274084346504475,-2.260380330297692,0.026738694795699552,2.7470342765879057,0.04938738354318932
0.09982185363769532,0.017678528401454233,0.003471517562866211,0.0007744735427057768,1.0,0.01,5,200,1,1.0,"{'model__colsample_bytree': 1.0, 'model__learning_rate': 0.01, 'model__max_depth': 5, 'model__n_estimators': 200, 'model__reg_lambda': 1, 'model__subsample': 1.0}",-2.7002421286476745,-2.7974319373676546,-2.721271066688004,-2.7134678436117263,-2.8048464648546254,-2.747451888233937,0.04441003229625939,38,-2.191659033568208,-2.2413280939110276,-2.277275469988749,-2.2245719665487225,-2.238688766475331,-2.234704666098408,0.02766808369136358,2.747451888233937,0.04441003229625939
0.07049360275268554,0.013170262999487281,0.007166385650634766,0.004088685918109083,0.7,0.01,7,100,1,1.0,"{'model__colsample_bytree': 0.7, 'model__learning_rate': 0.01, 'model__max_depth': 7, 'model__n_estimators': 100, 'model__reg_lambda': 1, 'model__subsample': 1.0}",-2.677432774667418,-2.761937148058874,-2.733183432771953,-2.720035638876144,-2.84716696348572,-2.747951191572022,0.056585489801375795,39,-2.1893524344194604,-2.369951960334782,-2.2807469692242868,-2.218434168083251,-2.275076328889418,-2.2667123721902396,0.06203335104526176,2.747951191572022,0.056585489801375795
0.09901738166809082,0.009072617922422132,0.0030118465423583985,0.0001821049535151994,1.0,0.01,7,100,1,0.7,"{'model__colsample_bytree': 1.0, 'model__learning_rate': 0.01, 'model__max_depth': 7, 'model__n_estimators': 100, 'model__reg_lambda': 1, 'model__subsample': 0.7}",-2.695979180226238,-2.775863740860784,-2.733965831278573,-2.7039369411125374,-2.8351593667195583,-2.7489810120395384,0.051406241019468626,40,-2.2105445903556573,-2.266860306203361,-2.251128349929605,-2.2099777496650703,-2.219663401573051,-2.231634879545349,0.02314292085480206,2.7489810120395384,0.051406241019468626
0.11404476165771485,0.01296616542493299,0.0043356895446777345,0.001369033490512237,1.0,0.01,5,200,5,0.7,"{'model__colsample_bytree': 1.0, 'model__learning_rate': 0.01, 'model__max_depth': 5, 'model__n_estimators': 200, 'model__reg_lambda': 5, 'model__subsample': 0.7}",-2.719466651959938,-2.774807175414878,-2.7185566190323525,-2.7125325132733296,-2.8203175874718536,-2.7491361094304705,0.042145015449448105,41,-2.2505574079128037,-2.2642928910073854,-2.2500327931713016,-2.246762808449206,-2.246195403139556,-2.2515682607360508,0.0065917474170083205,2.7491361094304705,0.042145015449448105
0.0751112937927246,0.012605111097350848,0.006510305404663086,0.004738679814758425,0.7,0.01,7,100,5,1.0,"{'model__colsample_bytree': 0.7, 'model__learning_rate': 0.01, 'model__max_depth': 7, 'model__n_estimators': 100, 'model__reg_lambda': 5, 'model__subsample': 1.0}",-2.6926841039580163,-2.7655298293965718,-2.7247202479284365,-2.718510323030942,-2.8463396408573964,-2.7495568290342725,0.05373508641214835,42,-2.285200534973013,-2.421701736709585,-2.337192427080093,-2.2796644325381754,-2.3202981295350904,-2.3288114521671917,0.05116378407043039,2.7495568290342725,0.05373508641214835
0.09221925735473632,0.008651940204898258,0.004304170608520508,0.001975762540522353,0.7,0.01,5,200,5,0.7,"{'model__colsample_bytree': 0.7, 'model__learning_rate': 0.01, 'model__max_depth': 5, 'model__n_estimators': 200, 'model__reg_lambda': 5, 'model__subsample': 0.7}",-2.7201833246899145,-2.7597626274620777,-2.7290455406407426,-2.71014694876306,-2.829049781507186,-2.749637644612596,0.043034659358808104,43,-2.2801888339669856,-2.2915795566062562,-2.2860945485911244,-2.2734244945210933,-2.2924718632478522,-2.2847518593866623,0.007171458973142916,2.749637644612596,0.043034659358808104
0.09882001876831055,0.010223283000300284,0.0036633968353271484,0.0013338868369880197,1.0,0.01,7,100,5,0.7,"{'model__colsample_bytree': 1.0, 'model__learning_rate': 0.01, 'model__max_depth': 7, 'model__n_estimators': 100, 'model__reg_lambda': 5, 'model__subsample': 0.7}",-2.7053158591846898,-2.7749390412629054,-2.7211449919598745,-2.719133519927314,-2.8337224003474195,-2.7508511625364407,0.04776985918380962,44,-2.294039159693159,-2.337671634224443,-2.3129519058924344,-2.2942441923920405,-2.3025574149396775,-2.308292861428351,0.01623728701227363,2.7508511625364407,0.04776985918380962
0.07815041542053222,0.013512629809081977,0.0040721893310546875,0.0014547890416961352,0.7,0.01,5,200,1,0.7,"{'model__colsample_bytree': 0.7, 'model__learning_rate': 0.01, 'model__max_depth': 5, 'model__n_estimators': 200, 'model__reg_lambda': 1, 'model__subsample': 0.7}",-2.7254363738544924,-2.768051498876261,-2.736399943601109,-2.701803656360039,-2.8328242512675788,-2.752903144791896,0.045287509900703495,45,-2.2066180760364063,-2.215223937266136,-2.223580327639384,-2.2033181858328983,-2.2265763545487807,-2.2150633762647214,0.009103686107823961,2.752903144791896,0.045287509900703495
0.10202665328979492,0.008484391254653615,0.006116628646850586,0.003097769414579637,1.0,0.01,5,200,1,0.7,"{'model__colsample_bytree': 1.0, 'model__learning_rate': 0.01, 'model__max_depth': 5, 'model__n_estimators': 200, 'model__reg_lambda': 1, 'model__subsample': 0.7}",-2.730108355629248,-2.7815489897559975,-2.735383734199877,-2.706677746587644,-2.828359447696382,-2.7564156547738294,0.04339555057712242,46,-2.165271331142918,-2.1947714850330415,-2.195182572486283,-2.1774612718547783,-2.1816886872299888,-2.1828750695494015,0.011257065730204753,2.7564156547738294,0.04339555057712242
0.025406837463378906,0.004595352804424323,0.005797147750854492,0.0033655464664770728,0.7,0.05,3,100,5,0.7,"{'model__colsample_bytree': 0.7, 'model__learning_rate': 0.05, 'model__max_depth': 3, 'model__n_estimators': 100, 'model__reg_lambda': 5, 'model__subsample': 0.7}",-2.7522495628737906,-2.768131504448439,-2.7398933141055752,-2.7090467607200783,-2.821010488436527,-2.7580663261168823,0.036960211787403635,47,-2.3282586787046404,-2.314464511919962,-2.32731354060722,-2.320649331298939,-2.3050150029804795,-2.319140213102248,0.008644198953139304,2.7580663261168823,0.036960211787403635
0.09034357070922852,0.013529490106146931,0.007871389389038086,0.005385054696297442,1.0,0.01,7,100,5,1.0,"{'model__colsample_bytree': 1.0, 'model__learning_rate': 0.01, 'model__max_depth': 7, 'model__n_estimators': 100, 'model__reg_lambda': 5, 'model__subsample': 1.0}",-2.673695883599695,-2.784136937473639,-2.7548632481515813,-2.7287392449039065,-2.850489615842252,-2.7583849859942147,0.05866846258605693,48,-2.2467540071350625,-2.3804624143279276,-2.3551144733193508,-2.2975580987481274,-2.321218631805892,-2.3202215250672715,0.04638660125969102,2.7583849859942147,0.05866846258605693
0.027958011627197264,0.008615141508116347,0.003901100158691406,0.001161609548931871,1.0,0.05,3,100,5,1.0,"{'model__colsample_bytree': 1.0, 'model__learning_rate': 0.05, 'model__max_depth': 3, 'model__n_estimators': 100, 'model__reg_lambda': 5, 'model__subsample': 1.0}",-2.7217087392405177,-2.804188340252874,-2.7342387644801676,-2.714801362625161,-2.8192208244401447,-2.758831606207773,0.043876345490495766,49,-2.324149817994225,-2.315036150015141,-2.3707742578028643,-2.352671596667814,-2.3328593767051653,-2.3390982398370417,0.020144324387742045,2.758831606207773,0.043876345490495766
0.16413207054138185,0.06124317239692878,0.003735256195068359,0.0006279921549735214,1.0,0.01,5,300,5,1.0,"{'model__colsample_bytree': 1.0, 'model__learning_rate': 0.01, 'model__max_depth': 5, 'model__n_estimators': 300, 'model__reg_lambda': 5, 'model__subsample': 1.0}",-2.693806014800108,-2.8197350068027314,-2.7254960031295625,-2.7277146513930215,-2.8394887473682346,-2.7612480846987317,0.05743423479105496,50,-2.076320380599781,-2.1284481926759424,-2.215192565329365,-2.1493843334096376,-2.1150689462195946,-2.136882883646864,0.04583339643659309,2.7612480846987317,0.05743423479105496
0.11188416481018067,0.01434382140765089,0.0036663532257080076,0.0006267530883272208,0.7,0.01,5,300,5,1.0,"{'model__colsample_bytree': 0.7, 'model__learning_rate': 0.01, 'model__max_depth': 5, 'model__n_estimators': 300, 'model__reg_lambda': 5, 'model__subsample': 1.0}",-2.7230286534108643,-2.798181110378419,-2.731166083622668,-2.7302887370979163,-2.829713496887402,-2.762475616279454,0.04328547055003333,51,-2.119213433234909,-2.1721561604261153,-2.2152566197084416,-2.1446182490105414,-2.1130142429026644,-2.1528517410565344,0.03755897200480693,2.762475616279454,0.04328547055003333
0.0876734733581543,0.010133911558082805,0.00453333854675293,0.002040328594222776,1.0,0.01,7,100,1,1.0,"{'model__colsample_bytree': 1.0, 'model__learning_rate': 0.01, 'model__max_depth': 7, 'model__n_estimators': 100, 'model__reg_lambda': 1, 'model__subsample': 1.0}",-2.674074679273069,-2.783041523367001,-2.76699005295254,-2.7600020002627628,-2.8332736801859664,-2.7634763872082675,0.051519975258659874,52,-2.2239981349772178,-2.3558632161479305,-2.3041015260699953,-2.2661722567513407,-2.2782789107927233,-2.2856828089478416,0.04360049782505267,2.7634763872082675,0.051519975258659874
0.1624385356903076,0.013760274606818263,0.005983972549438476,0.0028068102732780784,0.7,0.01,7,200,5,0.7,"{'model__colsample_bytree': 0.7, 'model__learning_rate': 0.01, 'model__max_depth': 7, 'model__n_estimators': 200, 'model__reg_lambda': 5, 'model__subsample': 0.7}",-2.7316509953692685,-2.7695810458839447,-2.7398177274756144,-2.7382629360296464,-2.839063726435002,-2.763675286238695,0.039896919107094975,53,-2.0099084964348854,-2.031202841012506,-2.0123500311255427,-1.9845362264306583,-2.024260326760657,-2.01245158435285,0.015979992745372408,2.763675286238695,0.039896919107094975
0.019878387451171875,0.0026036908813192507,0.0026454925537109375,0.000131575349084374,0.7,0.05,3,100,5,1.0,"{'model__colsample_bytree': 0.7, 'model__learning_rate': 0.05, 'model__max_depth': 3, 'model__n_estimators': 100, 'model__reg_lambda': 5, 'model__subsample': 1.0}",-2.7308947706843822,-2.804192865544267,-2.722415386594844,-2.7234188313312613,-2.84650138004739,-2.7654846468404286,0.05076020252086463,54,-2.3470375417115488,-2.328628246663862,-2.3834623049597994,-2.3540935541204018,-2.3383597672622427,-2.350316282943571,0.01863870103852735,2.7654846468404286,0.05076020252086463
0.14216279983520508,0.016649258189323238,0.003571748733520508,0.00022792132818281368,0.7,0.01,7,200,1,1.0,"{'model__colsample_bytree': 0.7, 'model__learning_rate': 0.01, 'model__max_depth': 7, 'model__n_estimators': 200, 'model__reg_lambda': 1, 'model__subsample': 1.0}",-2.714624365179358,-2.7760622865506237,-2.7497905810808847,-2.7459366582277647,-2.842531871736595,-2.7657891525550453,0.043041592714250565,55,-1.7911997052155466,-2.012414622137646,-1.929644187549367,-1.8703469415726435,-1.9168155690360535,-1.9040842051022515,0.07270762387880925,2.7657891525550453,0.043041592714250565
0.11068248748779297,0.015460141775562472,0.003952121734619141,0.0014093918370673515,0.7,0.01,5,300,5,0.7,"{'model__colsample_bytree': 0.7, 'model__learning_rate': 0.01, 'model__max_depth': 5, 'model__n_estimators': 300, 'model__reg_lambda': 5, 'model__subsample': 0.7}",-2.751073613471074,-2.7764601606844264,-2.7330399854157763,-2.7340170431815385,-2.8360449594687114,-2.766127152444305,0.038334578575619414,56,-2.1032001734298826,-2.1212713473376654,-2.115670513351324,-2.093053419856494,-2.1207742079880463,-2.1107939323926823,0.011005036364926002,2.766127152444305,0.038334578575619414
0.18030271530151368,0.059986322248816275,0.0053650856018066405,0.0037952562027171854,0.7,0.01,7,200,1,0.7,"{'model__colsample_bytree': 0.7, 'model__learning_rate': 0.01, 'model__max_depth': 7, 'model__n_estimators': 200, 'model__reg_lambda': 1, 'model__subsample': 0.7}",-2.7463761629957264,-2.7789384358068894,-2.7393904558037985,-2.7365460887928514,-2.8338834524378833,-2.7670269191674297,0.0366905686181931,57,-1.852942489964113,-1.8842256466614626,-1.880265382101859,-1.8270268279865989,-1.8969398452772779,-1.868280038398262,0.025125139514669794,2.7670269191674297,0.0366905686181931
0.1356790542602539,0.019546887143681017,0.004589986801147461,0.0014368132894001134,0.7,0.01,7,200,5,1.0,"{'model__colsample_bytree': 0.7, 'model__learning_rate': 0.01, 'model__max_depth': 7, 'model__n_estimators': 200, 'model__reg_lambda': 5, 'model__subsample': 1.0}",-2.716596111513826,-2.7753048009365493,-2.7316660561326485,-2.7581972000779027,-2.8550754851344533,-2.767367930759076,0.04835723893123741,58,-1.9748399838431696,-2.146731284795768,-2.0302353999667297,-1.9495861599969144,-2.00645726684964,-2.0215700190904444,0.0683142718664121,2.767367930759076,0.04835723893123741
0.026347541809082033,0.005083042140576326,0.004779434204101563,0.003906633326951211,1.0,0.05,3,100,1,1.0,"{'model__colsample_bytree': 1.0, 'model__learning_rate': 0.05, 'model__max_depth': 3, 'model__n_estimators': 100, 'model__reg_lambda': 1, 'model__subsample': 1.0}",-2.7420153386082156,-2.7995523840587144,-2.7520766112305735,-2.7093838623509208,-2.844829002191961,-2.769571439688077,0.04743523992682752,59,-2.2793011471930322,-2.2623071510358623,-2.3054952760428646,-2.307482812941733,-2.275631694937269,-2.286043616430152,0.017636864793680294,2.769571439688077,0.04743523992682752
0.03380908966064453,0.020099481005017107,0.017099428176879882,0.02685488211806554,0.7,0.05,3,100,1,0.7,"{'model__colsample_bytree': 0.7, 'model__learning_rate': 0.05, 'model__max_depth': 3, 'model__n_estimators': 100, 'model__reg_lambda': 1, 'model__subsample': 0.7}",-2.787579659993319,-2.765461876833683,-2.769070987470156,-2.7016849689165987,-2.8327059571475943,-2.7713006900722705,0.042239847613445486,60,-2.2939325181560686,-2.265819936638672,-2.276885683104403,-2.2726363275405412,-2.2768604049641064,-2.277226974080758,0.009279230508639442,2.7713006900722705,0.042239847613445486
0.03642339706420898,0.005331404421412533,0.004474210739135742,0.0032526999017315054,1.0,0.05,3,100,5,0.7,"{'model__colsample_bytree': 1.0, 'model__learning_rate': 0.05, 'model__max_depth': 3, 'model__n_estimators': 100, 'model__reg_lambda': 5, 'model__subsample': 0.7}",-2.7451820947692758,-2.8045241593310606,-2.7156584963508297,-2.7358344228949694,-2.856042318306049,-2.7714482983304367,0.0516157425104783,61,-2.2940890508409435,-2.2970275257851585,-2.3029422617294775,-2.308496591643454,-2.2834810820903915,-2.297207302417885,0.008467617687848705,2.7714482983304367,0.0516157425104783
0.1613537311553955,0.014270700454412503,0.006581544876098633,0.0023946253006984306,1.0,0.01,5,300,5,0.7,"{'model__colsample_bytree': 1.0, 'model__learning_rate': 0.01, 'model__max_depth': 5, 'model__n_estimators': 300, 'model__reg_lambda': 5, 'model__subsample': 0.7}",-2.7451276966545866,-2.7963967608732925,-2.7502075463871667,-2.7308579423265615,-2.843914919215441,-2.77330097309141,0.04158893007305933,62,-2.0652090765383218,-2.0817780769955854,-2.0617137424635237,-2.05310493247162,-2.0691750182436484,-2.0661961693425397,0.009424610046299702,2.77330097309141,0.04158893007305933
0.11153202056884766,0.012594716637639605,0.004360008239746094,0.0018184570513728494,0.7,0.01,5,300,1,0.7,"{'model__colsample_bytree': 0.7, 'model__learning_rate': 0.01, 'model__max_depth': 5, 'model__n_estimators': 300, 'model__reg_lambda': 1, 'model__subsample': 0.7}",-2.76487323733288,-2.7868725939752874,-2.7528172418171724,-2.7335778599232516,-2.836076819572234,-2.774843550524165,0.0351614384399175,63,-1.9976094814560446,-2.0176277253503208,-2.0292972942626992,-1.9939370445332303,-2.0352644093444314,-2.0147471909893455,0.016539180850774028,2.774843550524165,0.0351614384399175
0.022708845138549805,0.0035366539664609528,0.004102373123168945,0.0012317046475636988,0.7,0.05,3,100,1,1.0,"{'model__colsample_bytree': 0.7, 'model__learning_rate': 0.05, 'model__max_depth': 3, 'model__n_estimators': 100, 'model__reg_lambda': 1, 'model__subsample': 1.0}",-2.7664231632173433,-2.7913402538952305,-2.7425646311145195,-2.720295984097887,-2.85484575477322,-2.77509395741964,0.04639062179457057,64,-2.295337565183097,-2.269847527228511,-2.308953485206243,-2.287671010217222,-2.2871208000102254,-2.2897860775690595,0.012706939319205017,2.77509395741964,0.04639062179457057
0.19448652267456054,0.01719544860699645,0.004859828948974609,0.0024012372076235673,1.0,0.01,7,200,5,1.0,"{'model__colsample_bytree': 1.0, 'model__learning_rate': 0.01, 'model__max_depth': 7, 'model__n_estimators': 200, 'model__reg_lambda': 5, 'model__subsample': 1.0}",-2.7119362440994697,-2.8262979624946367,-2.7458895973619026,-2.781778444575382,-2.836165998960107,-2.7804136494982994,0.047109707155388064,65,-1.9205730348690788,-2.0548445769172545,-2.042871411270902,-1.9827525706489086,-1.9930754424216588,-1.9988234072255608,0.047943779107601406,2.7804136494982994,0.047109707155388064
0.030941057205200195,0.006121019474150331,0.003794574737548828,0.0012654581856784048,1.0,0.05,3,100,1,0.7,"{'model__colsample_bytree': 1.0, 'model__learning_rate': 0.05, 'model__max_depth': 3, 'model__n_estimators': 100, 'model__reg_lambda': 1, 'model__subsample': 0.7}",-2.7698176334691675,-2.793340926884155,-2.775356564582714,-2.70828377615551,-2.857283561846627,-2.7808164925876344,0.047782538242033955,66,-2.2425283369642277,-2.2317454149356624,-2.2573653981274697,-2.248561009216829,-2.2445674900913795,-2.2449535298671135,0.00833730494030465,2.7808164925876344,0.047782538242033955
0.20339388847351075,0.007747417654653578,0.004306793212890625,0.0017801278697374234,1.0,0.01,7,200,5,0.7,"{'model__colsample_bytree': 1.0, 'model__learning_rate': 0.01, 'model__max_depth': 7, 'model__n_estimators': 200, 'model__reg_lambda': 5, 'model__subsample': 0.7}",-2.7573498974833646,-2.7939616270738465,-2.7343317376835716,-2.763253855231112,-2.8600588496644797,-2.7817911934272748,0.04351403282233473,67,-1.9425580816690318,-1.9931535564408185,-1.967896559899089,-1.9398566668731823,-1.949916008348497,-1.9586761746461234,0.019821264678250523,2.7817911934272748,0.04351403282233473
0.15407156944274902,0.007980298974460315,0.0043485164642333984,0.0010798546025844026,1.0,0.01,5,300,1,0.7,"{'model__colsample_bytree': 1.0, 'model__learning_rate': 0.01, 'model__max_depth': 5, 'model__n_estimators': 300, 'model__reg_lambda': 1, 'model__subsample': 0.7}",-2.757129549646385,-2.806895267282729,-2.7686359657953283,-2.7344592835164194,-2.8483256709455103,-2.7830891474372743,0.04017510219909213,68,-1.9510624886098247,-1.9831709008618503,-1.9737721781077848,-1.961083979654562,-1.9829248681034213,-1.9704028830674887,0.012586241339679737,2.7830891474372743,0.04017510219909213
0.1513688087463379,0.0235442973192369,0.005688619613647461,0.002342645098825634,1.0,0.01,5,300,1,1.0,"{'model__colsample_bytree': 1.0, 'model__learning_rate': 0.01, 'model__max_depth': 5, 'model__n_estimators': 300, 'model__reg_lambda': 1, 'model__subsample': 1.0}",-2.7446560701742055,-2.8376772724019457,-2.7608502880898533,-2.755574828737172,-2.8296325859796685,-2.7856782090765693,0.0396013759462018,69,-1.951788542077178,-2.043750079714043,-2.1284052279457124,-1.991986268706069,-2.017785768876952,-2.026743177463991,0.05921297572874155,2.7856782090765693,0.0396013759462018
0.11082282066345214,0.010188214277706352,0.004027605056762695,0.0007355718502571586,0.7,0.01,5,300,1,1.0,"{'model__colsample_bytree': 0.7, 'model__learning_rate': 0.01, 'model__max_depth': 5, 'model__n_estimators': 300, 'model__reg_lambda': 1, 'model__subsample': 1.0}",-2.7579409884385884,-2.805238374815064,-2.7772826354812654,-2.746293696310736,-2.85277172751304,-2.7879054845117386,0.03807969388295603,70,-2.001464005439056,-2.056154030527602,-2.136360859632797,-2.061390304720956,-2.087285007815877,-2.0685308416272576,0.04394260649680237,2.7879054845117386,0.03807969388295603
0.20703539848327637,0.006982308184662136,0.004075288772583008,0.0011441079478381575,1.0,0.01,7,200,1,0.7,"{'model__colsample_bytree': 1.0, 'model__learning_rate': 0.01, 'model__max_depth': 7, 'model__n_estimators': 200, 'model__reg_lambda': 1, 'model__subsample': 0.7}",-2.774663038944637,-2.8124743355266437,-2.763268734451468,-2.7484907408799515,-2.8582945155938675,-2.7914382730793137,0.03957700088497599,71,-1.8019379455775468,-1.8452527036712445,-1.8505345608945059,-1.812449985885614,-1.8160086383756677,-1.8252367668809157,0.01914215925963406,2.7914382730793137,0.03957700088497599
0.2663111686706543,0.05205346383947326,0.006365823745727539,0.005140995557765194,0.7,0.01,7,300,5,0.7,"{'model__colsample_bytree': 0.7, 'model__learning_rate': 0.01, 'model__max_depth': 7, 'model__n_estimators': 300, 'model__reg_lambda': 5, 'model__subsample': 0.7}",-2.7715056535725777,-2.7919894601117576,-2.760430830144656,-2.7739786206558374,-2.8596779652753472,-2.791516505952035,0.035554293964969196,72,-1.744090933612493,-1.7703433064173575,-1.749129035048804,-1.7168019221919621,-1.7658903566331017,-1.7492511107807438,0.018980713317843335,2.791516505952035,0.035554293964969196
0.20964531898498534,0.01917604426214573,0.005578374862670899,0.0007177785663447852,1.0,0.01,7,200,1,1.0,"{'model__colsample_bytree': 1.0, 'model__learning_rate': 0.01, 'model__max_depth': 7, 'model__n_estimators': 200, 'model__reg_lambda': 1, 'model__subsample': 1.0}",-2.7255987210022674,-2.8243764830475984,-2.784184980981589,-2.803682542889068,-2.856119535702178,-2.79879245272454,0.04367047200630302,73,-1.7678222968697377,-1.9171544524254502,-1.8827369437515513,-1.8755333887981736,-1.871265098047689,-1.8629024359785202,0.05021234295692098,2.79879245272454,0.04367047200630302
0.21314597129821777,0.01024678260481918,0.003971004486083984,0.0007337962204060363,0.7,0.01,7,300,1,0.7,"{'model__colsample_bytree': 0.7, 'model__learning_rate': 0.01, 'model__max_depth': 7, 'model__n_estimators': 300, 'model__reg_lambda': 1, 'model__subsample': 0.7}",-2.7899503528463936,-2.801676558058408,-2.768490086828158,-2.7778422860482603,-2.8579029665804527,-2.7991724500723345,0.03142284046645841,74,-1.5400772708048855,-1.5784042264046438,-1.5771512756706134,-1.5112744715830564,-1.5912353397872383,-1.5596285168500876,0.029593683507619994,2.7991724500723345,0.03142284046645841
0.22522525787353515,0.03316603689970651,0.00478057861328125,0.0016265068637816692,0.7,0.01,7,300,5,1.0,"{'model__colsample_bytree': 0.7, 'model__learning_rate': 0.01, 'model__max_depth': 7, 'model__n_estimators': 300, 'model__reg_lambda': 5, 'model__subsample': 1.0}",-2.762227353398508,-2.8163740587691546,-2.7515438685664564,-2.7917312617231045,-2.8933311423384387,-2.8030415369591326,0.05054839014821866,75,-1.7063664525019717,-1.8458202369047174,-1.796339437548481,-1.716050744724806,-1.708260305792855,-1.754567435494566,0.056609529959733076,2.8030415369591326,0.05054839014821866
0.048871755599975586,0.00615467893892848,0.0033636093139648438,0.0009432473947194669,1.0,0.05,5,100,5,1.0,"{'model__colsample_bytree': 1.0, 'model__learning_rate': 0.05, 'model__max_depth': 5, 'model__n_estimators': 100, 'model__reg_lambda': 5, 'model__subsample': 1.0}",-2.7552289965969594,-2.8926780027728682,-2.781165330843128,-2.755359246016063,-2.8495367412056742,-2.806793663486938,0.05507143730391497,76,-1.771925798723469,-1.8501251004637862,-2.0024586821328385,-1.8499479688817408,-1.8765947199292614,-1.8702104540262194,0.07483878124127857,2.806793663486938,0.05507143730391497
0.24158744812011718,0.047838211176588485,0.007107400894165039,0.0031496848354254743,0.7,0.01,7,300,1,1.0,"{'model__colsample_bytree': 0.7, 'model__learning_rate': 0.01, 'model__max_depth': 7, 'model__n_estimators': 300, 'model__reg_lambda': 1, 'model__subsample': 1.0}",-2.7721939854793405,-2.8123436383704483,-2.796067480076891,-2.785474528696181,-2.892195444881151,-2.8116550155008024,0.04236224027716408,77,-1.474498959548371,-1.6384938944941376,-1.6517532945535935,-1.6155140847963962,-1.566573875420627,-1.589366821762625,0.06434806104187574,2.8116550155008024,0.04236224027716408
0.021645593643188476,0.0033301781996238596,0.005382061004638672,0.0012551300395774773,0.7,0.1,3,100,5,0.7,"{'model__colsample_bytree': 0.7, 'model__learning_rate': 0.1, 'model__max_depth': 3, 'model__n_estimators': 100, 'model__reg_lambda': 5, 'model__subsample': 0.7}",-2.8268245722408762,-2.837586760099536,-2.796582225629095,-2.77066291678973,-2.847991732329428,-2.815929641417733,0.028422198497352304,78,-2.0752150370723346,-2.0560646276117556,-2.069817007426657,-2.0641862895487115,-2.0711489191939383,-2.0672863761706792,0.00662910513775586,2.815929641417733,0.028422198497352304
0.3088528156280518,0.012687123136147307,0.006987237930297851,0.004438327560538274,1.0,0.01,7,300,5,0.7,"{'model__colsample_bytree': 1.0, 'model__learning_rate': 0.01, 'model__max_depth': 7, 'model__n_estimators': 300, 'model__reg_lambda': 5, 'model__subsample': 0.7}",-2.8020075161694407,-2.8195279214448328,-2.7727992078296073,-2.7942297925476014,-2.894273795665206,-2.8165676467313374,0.04165011928895213,79,-1.6670956542122974,-1.7128095409551967,-1.6830814084422807,-1.6589872242170123,-1.6822016668799185,-1.6808350989413412,0.018414018180910884,2.8165676467313374,0.04165011928895213
0.037021732330322264,0.011662772455457012,0.004765224456787109,0.0038350979277536113,0.7,0.05,5,100,5,1.0,"{'model__colsample_bytree': 0.7, 'model__learning_rate': 0.05, 'model__max_depth': 5, 'model__n_estimators': 100, 'model__reg_lambda': 5, 'model__subsample': 1.0}",-2.7685617552962603,-2.8538525640081343,-2.8011727150060874,-2.775678592594694,-2.8872913040035915,-2.817311386181754,0.04604936328754438,80,-1.8667892370560768,-1.8980242781952679,-1.9671731547044855,-1.8847197954035906,-1.861507028439039,-1.895642698759692,0.03805089777265981,2.817311386181754,0.04604936328754438
0.046255064010620114,0.012307493207918858,0.006871175765991211,0.004765773974988626,0.7,0.05,3,200,5,0.7,"{'model__colsample_bytree': 0.7, 'model__learning_rate': 0.05, 'model__max_depth': 3, 'model__n_estimators': 200, 'model__reg_lambda': 5, 'model__subsample': 0.7}",-2.7912660831701714,-2.8382232762239377,-2.822052237718168,-2.755173484043264,-2.8834819930666344,-2.818039414844435,0.04330163645039157,81,-2.061533681439865,-2.0645599912430557,-2.068604760355072,-2.059392932549064,-2.0570093782267787,-2.062220148762767,0.0040461005054328305,2.818039414844435,0.04330163645039157
0.05274066925048828,0.006627463392481645,0.0050429821014404295,0.0022447791871657175,0.7,0.05,5,100,5,0.7,"{'model__colsample_bytree': 0.7, 'model__learning_rate': 0.05, 'model__max_depth': 5, 'model__n_estimators': 100, 'model__reg_lambda': 5, 'model__subsample': 0.7}",-2.810826982264675,-2.809814638905293,-2.7825789427750416,-2.819169066002603,-2.8685925877323006,-2.8181964435359825,0.028049553697236048,82,-1.8377371142370396,-1.8281203739035443,-1.8289351946538612,-1.7987766921486545,-1.83643143518394,-1.826000162025408,0.014147752711966728,2.8181964435359825,0.028049553697236048
0.028763866424560545,0.0032404811755670656,0.005794000625610351,0.0030036357658244695,1.0,0.1,3,100,5,1.0,"{'model__colsample_bytree': 1.0, 'model__learning_rate': 0.1, 'model__max_depth': 3, 'model__n_estimators': 100, 'model__reg_lambda': 5, 'model__subsample': 1.0}",-2.7922379570428704,-2.8693412423941846,-2.808884303193896,-2.7612102160426337,-2.860897146224621,-2.818514172979641,0.041101398523748806,83,-2.0549152029955415,-2.0572066307189103,-2.098809941085181,-2.089988440878813,-2.069953342781947,-2.0741747116920783,0.0175136116244569,2.818514172979641,0.041101398523748806
0.04969234466552734,0.015311422063613472,0.005027103424072266,0.002582757020965057,1.0,0.05,3,200,5,1.0,"{'model__colsample_bytree': 1.0, 'model__learning_rate': 0.05, 'model__max_depth': 3, 'model__n_estimators': 200, 'model__reg_lambda': 5, 'model__subsample': 1.0}",-2.803338049869713,-2.9017329108877887,-2.8051041859144066,-2.745683715789309,-2.847013664708312,-2.820574505433906,0.05182812456378745,84,-2.06244275945148,-2.0564830194210675,-2.1330972530903143,-2.1180103272780686,-2.0950097811333745,-2.093008628074861,0.030015262265963197,2.820574505433906,0.05182812456378745
0.03934292793273926,0.008741731281256644,0.0044748783111572266,0.0016117023998303052,0.7,0.05,3,200,5,1.0,"{'model__colsample_bytree': 0.7, 'model__learning_rate': 0.05, 'model__max_depth': 3, 'model__n_estimators': 200, 'model__reg_lambda': 5, 'model__subsample': 1.0}",-2.809376519541852,-2.877183343412008,-2.7784871998859497,-2.7876830935654864,-2.859357569449545,-2.822417545170968,0.039167036562226434,85,-2.1135408559611646,-2.07405720443068,-2.1682997479174424,-2.125043141966668,-2.1075747957757343,-2.117703149210338,0.030459047977532183,2.822417545170968,0.039167036562226434
0.02124481201171875,0.00538338249584396,0.005199050903320313,0.0030367315422881918,0.7,0.1,3,100,5,1.0,"{'model__colsample_bytree': 0.7, 'model__learning_rate': 0.1, 'model__max_depth': 3, 'model__n_estimators': 100, 'model__reg_lambda': 5, 'model__subsample': 1.0}",-2.8232503057019414,-2.8728688915496448,-2.7989356899401345,-2.7656595342917627,-2.8554726580109553,-2.8232374158988875,0.038492026993601595,86,-2.0946820370380546,-2.0924711790594412,-2.1457260283904325,-2.1106303267319606,-2.110713549980795,-2.110844624240137,0.019055645736907864,2.8232374158988875,0.038492026993601595
0.0461216926574707,0.00511048369919278,0.00564885139465332,0.004328236325613416,0.7,0.05,3,200,1,1.0,"{'model__colsample_bytree': 0.7, 'model__learning_rate': 0.05, 'model__max_depth': 3, 'model__n_estimators': 200, 'model__reg_lambda': 1, 'model__subsample': 1.0}",-2.8233096740299626,-2.863940481626832,-2.810007481012563,-2.7944382758511352,-2.856232322961681,-2.8295856470964345,0.026639557507106365,87,-2.011340603039879,-1.9858295044333627,-2.0497911652985104,-2.032843723958896,-2.0043605737848864,-2.0168331141031066,0.022313800746965103,2.8295856470964345,0.026639557507106365
0.3106225967407227,0.016308315771543742,0.006350040435791016,0.003866927723231033,1.0,0.01,7,300,5,1.0,"{'model__colsample_bytree': 1.0, 'model__learning_rate': 0.01, 'model__max_depth': 7, 'model__n_estimators': 300, 'model__reg_lambda': 5, 'model__subsample': 1.0}",-2.7770709554908164,-2.8802483271822448,-2.792794544927634,-2.8161302498369336,-2.8846655356122626,-2.8301819226099783,0.044477296002774794,88,-1.5957073162029778,-1.749183624850953,-1.7711675445049897,-1.7797716456852621,-1.7015902957522515,-1.7194840853992865,0.06757027277526079,2.8301819226099783,0.044477296002774794
0.2831729412078857,0.03417768556901995,0.008028984069824219,0.003915120415126002,1.0,0.01,7,300,1,0.7,"{'model__colsample_bytree': 1.0, 'model__learning_rate': 0.01, 'model__max_depth': 7, 'model__n_estimators': 300, 'model__reg_lambda': 1, 'model__subsample': 0.7}",-2.816722603522725,-2.8493416815360555,-2.8089814453785644,-2.787899004424766,-2.8928091637094098,-2.831150779714304,0.036614294871752676,89,-1.484098857488402,-1.516669039545498,-1.5124910421425224,-1.4859791419223454,-1.510834162013529,-1.5020144486224594,0.01400287726045104,2.831150779714304,0.036614294871752676
0.04570980072021484,0.0062759943356621535,0.004897499084472656,0.004100286860907506,0.7,0.05,5,100,1,1.0,"{'model__colsample_bytree': 0.7, 'model__learning_rate': 0.05, 'model__max_depth': 5, 'model__n_estimators': 100, 'model__reg_lambda': 1, 'model__subsample': 1.0}",-2.8095831673544636,-2.861912572072984,-2.8514251586288464,-2.7468126227323673,-2.893771210661526,-2.8327009462900374,0.05068476738716737,90,-1.7136356720072674,-1.7438892375855006,-1.861020273147797,-1.7129874039994968,-1.753722267800686,-1.7570509709081494,0.0544433896887392,2.8327009462900374,0.05068476738716737
0.04070601463317871,0.003068695938585287,0.00315093994140625,0.0005160683019112561,1.0,0.05,3,200,1,1.0,"{'model__colsample_bytree': 1.0, 'model__learning_rate': 0.05, 'model__max_depth': 3, 'model__n_estimators': 200, 'model__reg_lambda': 1, 'model__subsample': 1.0}",-2.8217921076282457,-2.8937044048699443,-2.8242280636210437,-2.75549993969762,-2.884938474048369,-2.8360325979730443,0.050090856792198026,91,-1.9983742406361855,-1.9526192285830613,-2.047961184336138,-2.025810739027704,-1.9998001488744606,-2.0049131082915097,0.03191675679233817,2.8360325979730443,0.050090856792198026
0.04589405059814453,0.0032760680533810036,0.004159307479858399,0.001640684665259961,1.0,0.05,3,200,5,0.7,"{'model__colsample_bytree': 1.0, 'model__learning_rate': 0.05, 'model__max_depth': 3, 'model__n_estimators': 200, 'model__reg_lambda': 5, 'model__subsample': 0.7}",-2.8273605999189795,-2.8803693762452727,-2.768547551775661,-2.8246696457499283,-2.8901576560340527,-2.838220965944779,0.04388594020755892,92,-2.01614884065481,-2.023356930835915,-2.0316523288276067,-2.0296466652360383,-2.0049197422306397,-2.021144901557002,0.009754952657355641,2.838220965944779,0.04388594020755892
0.03706989288330078,0.007271590641267699,0.0068661212921142575,0.0025794576375421058,0.7,0.05,3,200,1,0.7,"{'model__colsample_bytree': 0.7, 'model__learning_rate': 0.05, 'model__max_depth': 3, 'model__n_estimators': 200, 'model__reg_lambda': 1, 'model__subsample': 0.7}",-2.8232591746490376,-2.8350118386287484,-2.8413671779573124,-2.7817585144006425,-2.909915983601885,-2.8382625378475255,0.04140586358729124,93,-1.9852743387009308,-1.973864513173297,-1.9907174939250336,-1.9702720872146966,-1.9950440746525977,-1.9830345015333113,0.009541938952843682,2.8382625378475255,0.04140586358729124
0.027051353454589845,0.004077275354715108,0.003595876693725586,0.001114042760524531,1.0,0.1,3,100,1,1.0,"{'model__colsample_bytree': 1.0, 'model__learning_rate': 0.1, 'model__max_depth': 3, 'model__n_estimators': 100, 'model__reg_lambda': 1, 'model__subsample': 1.0}",-2.8002921196605732,-2.8949476038753104,-2.8457489757479255,-2.783005119556981,-2.872845572623576,-2.8393678782928733,0.042318449412189076,94,-1.9840041461381963,-1.9584210997044096,-2.02906052433475,-2.025050848616776,-2.0002873787936717,-1.9993647995175607,0.026286104960212987,2.8393678782928733,0.042318449412189076
0.05843820571899414,0.01081309961850954,0.005699729919433594,0.002802317793891702,0.7,0.05,5,100,1,0.7,"{'model__colsample_bytree': 0.7, 'model__learning_rate': 0.05, 'model__max_depth': 5, 'model__n_estimators': 100, 'model__reg_lambda': 1, 'model__subsample': 0.7}",-2.8611807938166667,-2.8379095594055515,-2.8254366649345846,-2.7972433073524074,-2.8817867458045088,-2.8407114142627434,0.029109527775749895,95,-1.7098769535067453,-1.6873286073146312,-1.7066638957875846,-1.6607554469011723,-1.7095347262693068,-1.694831925955888,0.018973807823203084,2.8407114142627434,0.029109527775749895
0.023070430755615233,0.002386075780387628,0.0041405677795410155,0.0013886067341436802,0.7,0.1,3,100,1,1.0,"{'model__colsample_bytree': 0.7, 'model__learning_rate': 0.1, 'model__max_depth': 3, 'model__n_estimators': 100, 'model__reg_lambda': 1, 'model__subsample': 1.0}",-2.8674502040782346,-2.889469072647445,-2.8233979709231227,-2.786413307982788,-2.8521775917441325,-2.843781629475145,0.035845931196168586,96,-2.0314326215746505,-1.9890225010621905,-2.0449268939240146,-2.048135822286683,-2.0178396599017243,-2.0262714997498525,0.02150020156527028,2.843781629475145,0.035845931196168586
0.055758428573608396,0.008112377935268039,0.003741550445556641,0.0020232468393564587,1.0,0.05,5,100,1,1.0,"{'model__colsample_bytree': 1.0, 'model__learning_rate': 0.05, 'model__max_depth': 5, 'model__n_estimators': 100, 'model__reg_lambda': 1, 'model__subsample': 1.0}",-2.8050311111622066,-2.890391839835964,-2.8339001859978845,-2.809336126253844,-2.8805753389222493,-2.843846920434429,0.03553028493298427,97,-1.687536218167771,-1.7263614260487052,-1.8664789952072094,-1.671153822499039,-1.7349929550328362,-1.737304683391112,0.06879525903705319,2.843846920434429,0.03553028493298427
0.03373465538024902,0.004913327770295549,0.006664705276489258,0.0037723283679303417,1.0,0.1,3,100,5,0.7,"{'model__colsample_bytree': 1.0, 'model__learning_rate': 0.1, 'model__max_depth': 3, 'model__n_estimators': 100, 'model__reg_lambda': 5, 'model__subsample': 0.7}",-2.847880954838659,-2.860612635451747,-2.8122011005600664,-2.7994602614299517,-2.9105073270678963,-2.8461324558696637,0.039208385577902606,98,-2.0158867626476105,-2.0261069142471086,-2.0430716705104928,-2.024495700635742,-2.000408462283055,-2.0219939020648017,0.01393324477918874,2.8461324558696637,0.039208385577902606
0.054700803756713864,0.005212976353642116,0.007138967514038086,0.00267402700940603,1.0,0.05,5,100,5,0.7,"{'model__colsample_bytree': 1.0, 'model__learning_rate': 0.05, 'model__max_depth': 5, 'model__n_estimators': 100, 'model__reg_lambda': 5, 'model__subsample': 0.7}",-2.826287722546631,-2.839609404526484,-2.8346096862351096,-2.826074313108386,-2.913613495297658,-2.848038924342854,0.033187300350154984,99,-1.7636969232563071,-1.7999330375651352,-1.7809213891662974,-1.7521602219155021,-1.742990906428803,-1.767940495666409,0.020403594206785253,2.848038924342854,0.033187300350154984
0.023733854293823242,0.002365552295051058,0.00405735969543457,0.0016895407234687062,0.7,0.1,3,100,1,0.7,"{'model__colsample_bytree': 0.7, 'model__learning_rate': 0.1, 'model__max_depth': 3, 'model__n_estimators': 100, 'model__reg_lambda': 1, 'model__subsample': 0.7}",-2.9114886822468833,-2.848851532125304,-2.8449857580732796,-2.803267898369657,-2.84636126186584,-2.8509910265361933,0.03463968451079654,100,-2.0000155966721236,-1.9749865359193248,-2.0115778984962573,-1.9801117363150231,-2.0092781877620243,-1.9951939910329508,0.015005735915007958,2.8509910265361933,0.03463968451079654
0.06282262802124024,0.007881097741076946,0.003954410552978516,0.001621057681719588,0.7,0.05,3,300,5,0.7,"{'model__colsample_bytree': 0.7, 'model__learning_rate': 0.05, 'model__max_depth': 3, 'model__n_estimators': 300, 'model__reg_lambda': 5, 'model__subsample': 0.7}",-2.823582257898719,-2.88761922030463,-2.847084393401878,-2.8075890710261477,-2.906800103100124,-2.8545350091463,0.037533213730555647,101,-1.8608744507759238,-1.8718573044385858,-1.8694048723963397,-1.8620832219167978,-1.863289945550988,-1.865501959015727,0.0043270717056606706,2.8545350091463,0.037533213730555647
0.29420924186706543,0.02400019100025218,0.004307222366333008,0.0010291711429190158,1.0,0.01,7,300,1,1.0,"{'model__colsample_bytree': 1.0, 'model__learning_rate': 0.01, 'model__max_depth': 7, 'model__n_estimators': 300, 'model__reg_lambda': 1, 'model__subsample': 1.0}",-2.796684299844492,-2.8948263467408517,-2.853360538532827,-2.845238035787112,-2.9002156526256737,-2.858064974706191,0.03763596006790145,102,-1.4344350825571548,-1.539517033820076,-1.6096780793419716,-1.549609362572537,-1.5081555909489321,-1.5282790298481344,0.05730396203089161,2.858064974706191,0.03763596006790145
0.05091347694396973,0.012755082654807912,0.0035611629486083985,0.0005835523440132735,1.0,0.05,3,200,1,0.7,"{'model__colsample_bytree': 1.0, 'model__learning_rate': 0.05, 'model__max_depth': 3, 'model__n_estimators': 200, 'model__reg_lambda': 1, 'model__subsample': 0.7}",-2.8737379355935513,-2.8547235697081876,-2.859957930780051,-2.8293410627344184,-2.889727733540358,-2.861497646471313,0.020144811797345688,103,-1.9355835990241366,-1.9267554902128903,-1.9579922563765424,-1.9362969841251125,-1.9463623140096946,-1.9405981287496754,0.010686865796119717,2.861497646471313,0.020144811797345688
0.06801223754882812,0.009751103936254852,0.004871368408203125,0.002309597464902382,1.0,0.05,3,300,5,1.0,"{'model__colsample_bytree': 1.0, 'model__learning_rate': 0.05, 'model__max_depth': 3, 'model__n_estimators': 300, 'model__reg_lambda': 5, 'model__subsample': 1.0}",-2.845301449398162,-2.9513251582939697,-2.8594125388611085,-2.802002883501257,-2.8862329443847874,-2.868854994887857,0.04942965761311197,104,-1.8753449350249414,-1.855345199088583,-1.9596192264219097,-1.9274579420796865,-1.9167738206621885,-1.9069082246554618,0.03729090354474295,2.868854994887857,0.04942965761311197
0.04795336723327637,0.011025711610197077,0.0033102512359619142,0.0007577730189498407,0.7,0.05,3,300,5,1.0,"{'model__colsample_bytree': 0.7, 'model__learning_rate': 0.05, 'model__max_depth': 3, 'model__n_estimators': 300, 'model__reg_lambda': 5, 'model__subsample': 1.0}",-2.856300935508507,-2.9180390054214347,-2.8262352267219244,-2.851232726589247,-2.897602465568878,-2.869882071961998,0.033240947373829155,105,-1.9152656242285346,-1.8989142129754117,-1.9993951716585971,-1.948379489879595,-1.9122457841755922,-1.9348400565835462,0.036152468582250685,2.869882071961998,0.033240947373829155
0.08160276412963867,0.015028481717966237,0.005391597747802734,0.002048829025935869,0.7,0.05,7,100,5,1.0,"{'model__colsample_bytree': 0.7, 'model__learning_rate': 0.05, 'model__max_depth': 7, 'model__n_estimators': 100, 'model__reg_lambda': 5, 'model__subsample': 1.0}",-2.8610188210258247,-2.9103561810935963,-2.8087407462017033,-2.822781130146983,-2.947377003292416,-2.8700547763521045,0.05230446713353727,106,-1.327559076401114,-1.4785603611050955,-1.433726138170389,-1.3903956596117526,-1.3470357350672966,-1.3954553940711296,0.05540949312820339,2.8700547763521045,0.05230446713353727
0.08814826011657714,0.004835059015910584,0.005521631240844727,0.00326278105007595,0.7,0.05,7,100,5,0.7,"{'model__colsample_bytree': 0.7, 'model__learning_rate': 0.05, 'model__max_depth': 7, 'model__n_estimators': 100, 'model__reg_lambda': 5, 'model__subsample': 0.7}",-2.86832719802426,-2.8480555990701,-2.8381055855154513,-2.8606484058137145,-2.952190173300222,-2.8734653923447495,0.04070439989574756,107,-1.370703876322098,-1.3745696973906674,-1.3403027308425302,-1.2952493727855199,-1.3471741575376626,-1.3455999669756955,0.028408353231640114,2.8734653923447495,0.04070439989574756
0.05504002571105957,0.014154610100242965,0.004249286651611328,0.002456713524741268,0.7,0.05,3,300,1,1.0,"{'model__colsample_bytree': 0.7, 'model__learning_rate': 0.05, 'model__max_depth': 3, 'model__n_estimators': 300, 'model__reg_lambda': 1, 'model__subsample': 1.0}",-2.896610334917378,-2.8945599130643775,-2.855713466443126,-2.8462848164858565,-2.878851712530833,-2.874404048688314,0.020293786314087868,108,-1.7969546764417603,-1.759120754346322,-1.8618257528223676,-1.8366646687635753,-1.808864056764051,-1.8126859818276153,0.03498859584506557,2.874404048688314,0.020293786314087868
0.07259745597839355,0.007092408932588677,0.003715848922729492,0.0006450893146947371,1.0,0.05,3,300,1,1.0,"{'model__colsample_bytree': 1.0, 'model__learning_rate': 0.05, 'model__max_depth': 3, 'model__n_estimators': 300, 'model__reg_lambda': 1, 'model__subsample': 1.0}",-2.8628990728872097,-2.945534021788023,-2.8680480503411756,-2.796157951179252,-2.920126657085824,-2.8785531506562965,0.051689785673195175,109,-1.7703202761891725,-1.7471165723443125,-1.8367311027688538,-1.8271208165406079,-1.774284476735495,-1.7911146489156884,0.03472404453359845,2.8785531506562965,0.051689785673195175
0.07693819999694824,0.008047411712817507,0.004392480850219727,0.001737984369920034,1.0,0.05,3,300,5,0.7,"{'model__colsample_bytree': 1.0, 'model__learning_rate': 0.05, 'model__max_depth': 3, 'model__n_estimators': 300, 'model__reg_lambda': 5, 'model__subsample': 0.7}",-2.8695313137391234,-2.907542979806907,-2.8177133136530266,-2.880898700496101,-2.924242877769547,-2.879985837092941,0.036622614100393414,110,-1.806150837682481,-1.819024498939779,-1.8231168551087535,-1.820714456503397,-1.803050694466704,-1.8144114685402228,0.00817430941127282,2.879985837092941,0.036622614100393414
0.06182188987731933,0.011931555596240885,0.004838180541992187,0.0016964128144179474,0.7,0.05,3,300,1,0.7,"{'model__colsample_bytree': 0.7, 'model__learning_rate': 0.05, 'model__max_depth': 3, 'model__n_estimators': 300, 'model__reg_lambda': 1, 'model__subsample': 0.7}",-2.880745527001998,-2.884954550934,-2.8810877557424517,-2.822051627026969,-2.9564623137237116,-2.885060354885826,0.04266790360534676,111,-1.745091164854441,-1.759305012801515,-1.756343647886191,-1.7450026730605193,-1.7572715680449547,-1.7526028133295242,0.006243357853868893,2.885060354885826,0.04266790360534676
0.045177650451660153,0.00844517319678834,0.005226230621337891,0.0014850909422873615,1.0,0.1,3,200,5,1.0,"{'model__colsample_bytree': 1.0, 'model__learning_rate': 0.1, 'model__max_depth': 3, 'model__n_estimators': 200, 'model__reg_lambda': 5, 'model__subsample': 1.0}",-2.8688150317222116,-2.9338620804280144,-2.882397995204077,-2.864766882688177,-2.894940759914333,-2.8889565499913625,0.02484412540429793,112,-1.692013875622882,-1.6925448241661087,-1.753148760548263,-1.747869137989891,-1.749570657251229,-1.727029451115675,0.028424977999071264,2.8889565499913625,0.02484412540429793
0.051685142517089847,0.019608890695812526,0.005188608169555664,0.0030884373183967346,0.7,0.1,3,200,5,1.0,"{'model__colsample_bytree': 0.7, 'model__learning_rate': 0.1, 'model__max_depth': 3, 'model__n_estimators': 200, 'model__reg_lambda': 5, 'model__subsample': 1.0}",-2.8876120226976494,-2.910150717225674,-2.8982795608548995,-2.8608510586406184,-2.903055824365413,-2.8919898367568506,0.01720827155117104,113,-1.7563117569747266,-1.7490769842989193,-1.8127146418863076,-1.7968369038865646,-1.7696956330852494,-1.7769271840263534,0.024207700722632793,2.8919898367568506,0.01720827155117104
0.03503880500793457,0.011562483507531852,0.004648971557617188,0.0021274271339762982,1.0,0.1,3,100,1,0.7,"{'model__colsample_bytree': 1.0, 'model__learning_rate': 0.1, 'model__max_depth': 3, 'model__n_estimators': 100, 'model__reg_lambda': 1, 'model__subsample': 0.7}",-2.8991435615152015,-2.8758540972241797,-2.8487939103624487,-2.868817101171263,-2.9754652480097157,-2.8936147836565618,0.04397577428874935,114,-1.9430993047582097,-1.9336103829152602,-1.9679420021155551,-1.9318668681727185,-1.9284113021428282,-1.9409859720209144,0.01433020185422506,2.8936147836565618,0.04397577428874935
0.09544353485107422,0.007050314593033454,0.006616735458374023,0.003094132129240274,1.0,0.05,5,200,5,1.0,"{'model__colsample_bytree': 1.0, 'model__learning_rate': 0.05, 'model__max_depth': 5, 'model__n_estimators': 200, 'model__reg_lambda': 5, 'model__subsample': 1.0}",-2.880320334100089,-2.929605710102063,-2.856561610734136,-2.8550654995947733,-2.9544751775031273,-2.895205666406838,0.04005597858059186,115,-1.3292842816248316,-1.3851875563396536,-1.5513463068644195,-1.378357384937727,-1.447323574559864,-1.4182998208652993,0.07636665789643102,2.895205666406838,0.04005597858059186
0.05770773887634277,0.004750666970202816,0.003587198257446289,0.0010383361557593552,1.0,0.05,5,100,1,0.7,"{'model__colsample_bytree': 1.0, 'model__learning_rate': 0.05, 'model__max_depth': 5, 'model__n_estimators': 100, 'model__reg_lambda': 1, 'model__subsample': 0.7}",-2.9128903710735816,-2.890718397759923,-2.8831245006694024,-2.8279704329500714,-2.9632783302354233,-2.8955964065376802,0.04389200317618496,116,-1.6073324189226168,-1.659511580928251,-1.6549776916790078,-1.5913126586354722,-1.6362308349160746,-1.6298730370162846,0.02662363915773623,2.8955964065376802,0.04389200317618496
0.08193902969360352,0.010718782578770836,0.0030446529388427736,0.00015988474349650633,0.7,0.05,5,200,5,1.0,"{'model__colsample_bytree': 0.7, 'model__learning_rate': 0.05, 'model__max_depth': 5, 'model__n_estimators': 200, 'model__reg_lambda': 5, 'model__subsample': 1.0}",-2.865004133315457,-2.9453710689293433,-2.8784078753123046,-2.860500775127101,-2.9344013385186556,-2.8967370382405724,0.03588835657853409,117,-1.424272459333944,-1.4175631226630863,-1.5752650912079025,-1.455101441269255,-1.4874953262044162,-1.4719394881357208,0.05732472228860731,2.8967370382405724,0.03588835657853409
0.07458462715148925,0.008759225803970145,0.005307054519653321,0.0019087965512059725,0.7,0.05,7,100,1,1.0,"{'model__colsample_bytree': 0.7, 'model__learning_rate': 0.05, 'model__max_depth': 7, 'model__n_estimators': 100, 'model__reg_lambda': 1, 'model__subsample': 1.0}",-2.9103463420739026,-2.9370430755260983,-2.8750191083924235,-2.8339072047902247,-2.9537225001690137,-2.902007646190333,0.043214563682108624,118,-1.0672770421127167,-1.1969868121564895,-1.2769439523540937,-1.1440537088053637,-1.0970952682304707,-1.1564713567318268,0.07455265528517861,2.902007646190333,0.043214563682108624
0.08724608421325683,0.00630028701545035,0.004947948455810547,0.0029531351187568567,0.7,0.05,7,100,1,0.7,"{'model__colsample_bytree': 0.7, 'model__learning_rate': 0.05, 'model__max_depth': 7, 'model__n_estimators': 100, 'model__reg_lambda': 1, 'model__subsample': 0.7}",-2.9045588597040988,-2.885330751688497,-2.8949438280280972,-2.878816233345565,-2.9493139918766693,-2.9025927329285857,0.024934094598050044,119,-1.1688749990589224,-1.1229021682277027,-1.109020784665721,-1.0725113065260314,-1.089457364127218,-1.112553324521119,0.03294994694463433,2.9025927329285857,0.024934094598050044
0.1325830936431885,0.052694079635094836,0.007112360000610352,0.004008319062987175,1.0,0.05,7,100,5,0.7,"{'model__colsample_bytree': 1.0, 'model__learning_rate': 0.05, 'model__max_depth': 7, 'model__n_estimators': 100, 'model__reg_lambda': 5, 'model__subsample': 0.7}",-2.897218582584242,-2.9297663506217244,-2.861263133674648,-2.8632854938738848,-2.9743415404415003,-2.9051750202392,0.042743495757374496,120,-1.2326758582656814,-1.289003639867787,-1.2960237760560287,-1.221663279137477,-1.2613142185496669,-1.2601361543753282,0.029519047868283323,2.9051750202392,0.042743495757374496
0.10311970710754395,0.015422193497264404,0.003654289245605469,0.0008333498233035058,1.0,0.05,7,100,5,1.0,"{'model__colsample_bytree': 1.0, 'model__learning_rate': 0.05, 'model__max_depth': 7, 'model__n_estimators': 100, 'model__reg_lambda': 5, 'model__subsample': 1.0}",-2.8459919793759374,-2.978735758387688,-2.8881717619358307,-2.8739672551638256,-2.95073789321867,-2.9075209296163904,0.049447565879054675,121,-1.2076735597830228,-1.3318903947081608,-1.3912735809043977,-1.3634019993116564,-1.2729805591197412,-1.3134440187653957,0.06590628332453362,2.9075209296163904,0.049447565879054675
0.05689778327941895,0.006603030266697575,0.00552515983581543,0.0032483760716106682,1.0,0.1,5,100,5,1.0,"{'model__colsample_bytree': 1.0, 'model__learning_rate': 0.1, 'model__max_depth': 5, 'model__n_estimators': 100, 'model__reg_lambda': 5, 'model__subsample': 1.0}",-2.8698769967080136,-2.926166586211953,-2.8995561083521744,-2.8910859529522903,-2.9760414174874366,-2.9125454123423737,0.03651603252046453,122,-1.2767417810879218,-1.3635743695639575,-1.4958976935710324,-1.3831111833040801,-1.3811623111461324,-1.380097467734625,0.06982165768893858,2.9125454123423737,0.03651603252046453
0.07186822891235352,0.008643405928521154,0.0036449432373046875,0.001607765084193015,1.0,0.05,3,300,1,0.7,"{'model__colsample_bytree': 1.0, 'model__learning_rate': 0.05, 'model__max_depth': 3, 'model__n_estimators': 300, 'model__reg_lambda': 1, 'model__subsample': 0.7}",-2.902017002314526,-2.9315019432046605,-2.9373895176930724,-2.8843403216004737,-2.9375533827441003,-2.9185604335113666,0.02157521902451611,123,-1.6969485007431666,-1.6902027395713477,-1.714889878046981,-1.7001015647738558,-1.708969545101839,-1.702222445647438,0.008749550380829736,2.9185604335113666,0.02157521902451611
0.09320940971374511,0.012494655547906021,0.005728721618652344,0.0024973194191341553,0.7,0.05,5,200,5,0.7,"{'model__colsample_bytree': 0.7, 'model__learning_rate': 0.05, 'model__max_depth': 5, 'model__n_estimators': 200, 'model__reg_lambda': 5, 'model__subsample': 0.7}",-2.9241934884286374,-2.9034165403246885,-2.8859992259170633,-2.9314693213614635,-2.9700135912154186,-2.9230184334494544,0.028411262043613272,124,-1.337415072810424,-1.335019943275354,-1.3148949543470394,-1.3060059386888991,-1.3226469258577624,-1.3231965669958958,0.01188860558505598,2.9230184334494544,0.028411262043613272
0.04253277778625488,0.0028446406289114995,0.005968570709228516,0.003157049404526331,1.0,0.1,3,200,1,1.0,"{'model__colsample_bytree': 1.0, 'model__learning_rate': 0.1, 'model__max_depth': 3, 'model__n_estimators': 200, 'model__reg_lambda': 1, 'model__subsample': 1.0}",-2.9280429374787285,-3.0052133652153783,-2.9229087962228837,-2.857888307851741,-2.9167225859955566,-2.9261551985528573,0.04693322692514028,125,-1.5950587151460012,-1.5494571452489774,-1.622030395397801,-1.6450793663743086,-1.623169409347701,-1.606959006302958,0.0328364637023606,2.9261551985528573,0.04693322692514028
0.08200287818908691,0.007975387474029405,0.003449153900146484,0.0009494810350503748,0.7,0.05,5,200,1,1.0,"{'model__colsample_bytree': 0.7, 'model__learning_rate': 0.05, 'model__max_depth': 5, 'model__n_estimators': 200, 'model__reg_lambda': 1, 'model__subsample': 1.0}",-2.9246419428236603,-2.939771004377882,-2.947511164375288,-2.8627114833109415,-2.9626646985111136,-2.927460058679777,0.0346216483678078,126,-1.2257864083694392,-1.200299748701676,-1.3368516189476944,-1.2249124297516372,-1.2815732918160465,-1.2538846995172985,0.04929588461113748,2.927460058679777,0.0346216483678078
0.08721818923950195,0.013847732250199382,0.003488588333129883,0.000973692818284649,0.7,0.05,5,200,1,0.7,"{'model__colsample_bytree': 0.7, 'model__learning_rate': 0.05, 'model__max_depth': 5, 'model__n_estimators': 200, 'model__reg_lambda': 1, 'model__subsample': 0.7}",-2.9445915783100935,-2.90799913911722,-2.9234531899022342,-2.8774474023436096,-2.9989905965447985,-2.930496381243591,0.040644947336577746,127,-1.1195325875385944,-1.1377928473022738,-1.1507644356541167,-1.1266880998169468,-1.1403125432146874,-1.1350181027053239,0.0108891453963946,2.930496381243591,0.040644947336577746
0.08599448204040527,0.04271536984732037,0.005145645141601563,0.0020149731361262897,0.7,0.1,3,200,5,0.7,"{'model__colsample_bytree': 0.7, 'model__learning_rate': 0.1, 'model__max_depth': 3, 'model__n_estimators': 200, 'model__reg_lambda': 5, 'model__subsample': 0.7}",-2.894035962561608,-2.9215575763581128,-2.93331732254104,-2.9367605816108084,-2.9743127520566777,-2.9319968390256497,0.02594255100309786,128,-1.7203066445277482,-1.699490592629517,-1.7060520184214991,-1.6985181818468744,-1.7051305978302835,-1.7058996070511845,0.007794077715326025,2.9319968390256497,0.02594255100309786
0.05440773963928223,0.00734517043202523,0.005469036102294922,0.001960289205109648,1.0,0.1,5,100,5,0.7,"{'model__colsample_bytree': 1.0, 'model__learning_rate': 0.1, 'model__max_depth': 5, 'model__n_estimators': 100, 'model__reg_lambda': 5, 'model__subsample': 0.7}",-2.966555634807722,-2.945216506738281,-2.911505203274573,-2.8822029395988165,-2.978958679972242,-2.9368877928783266,0.03564889028671634,129,-1.235664044752633,-1.2793654865084942,-1.2361052374567576,-1.1984794618653396,-1.2515610529708914,-1.2402350567108231,0.026233368009948264,2.9368877928783266,0.03564889028671634
0.04620766639709473,0.005393067727842526,0.004381132125854492,0.0014931442422476996,0.7,0.1,3,200,1,1.0,"{'model__colsample_bytree': 0.7, 'model__learning_rate': 0.1, 'model__max_depth': 3, 'model__n_estimators': 200, 'model__reg_lambda': 1, 'model__subsample': 1.0}",-2.9860034290479827,-2.9890967187439985,-2.9208235759892074,-2.909683223383682,-2.898400655893998,-2.9408015206117737,0.0388353929076032,130,-1.5786372858374602,-1.580290218568955,-1.6524780314419256,-1.6793705380677328,-1.6488647964016354,-1.6279281740635418,0.0409544159582015,2.9408015206117737,0.0388353929076032
0.0564389705657959,0.006048928392882167,0.006038379669189453,0.0020847959478103376,0.7,0.1,3,300,5,1.0,"{'model__colsample_bytree': 0.7, 'model__learning_rate': 0.1, 'model__max_depth': 3, 'model__n_estimators': 300, 'model__reg_lambda': 5, 'model__subsample': 1.0}",-2.946520037801265,-2.9252045586531183,-2.9644729989476195,-2.906036430756037,-2.9720558505333803,-2.942857975338284,0.024497367732496562,131,-1.5060133651365695,-1.5157321184311352,-1.568619751738539,-1.5800590553848675,-1.4972088438083737,-1.533526626899897,0.03402763519504272,2.942857975338284,0.024497367732496562
0.0709951400756836,0.007383990860796104,0.0040570259094238285,0.0011298495480883172,1.0,0.1,3,300,5,1.0,"{'model__colsample_bytree': 1.0, 'model__learning_rate': 0.1, 'model__max_depth': 3, 'model__n_estimators': 300, 'model__reg_lambda': 5, 'model__subsample': 1.0}",-2.9319206079642357,-2.9817919181201433,-2.923221194856382,-2.929616335418284,-2.964990408878933,-2.9463080930475956,0.022920515415112547,132,-1.449156578067563,-1.4324775363533375,-1.517243407684012,-1.5025901066340128,-1.5406467526781438,-1.488422876283414,0.04106188000367189,2.9463080930475956,0.022920515415112547
0.040111541748046875,0.004773947271636642,0.003892803192138672,0.001517247970108927,0.7,0.1,5,100,5,0.7,"{'model__colsample_bytree': 0.7, 'model__learning_rate': 0.1, 'model__max_depth': 5, 'model__n_estimators': 100, 'model__reg_lambda': 5, 'model__subsample': 0.7}",-2.9595606893116635,-2.9087143138235385,-2.889279845895343,-2.9249174381165832,-3.058789906126845,-2.948252438654795,0.059886493485786355,133,-1.3334034532622965,-1.333922273205599,-1.3538147597032935,-1.3255401341457484,-1.3499389553148615,-1.33932391512636,0.01074137679258823,2.948252438654795,0.059886493485786355
0.10251817703247071,0.020716852343484693,0.003833627700805664,0.0018458005258116298,1.0,0.05,7,100,1,0.7,"{'model__colsample_bytree': 1.0, 'model__learning_rate': 0.05, 'model__max_depth': 7, 'model__n_estimators': 100, 'model__reg_lambda': 1, 'model__subsample': 0.7}",-2.9014835927390483,-2.984384726416561,-2.9550931004998695,-2.914164797551101,-2.9898148291759368,-2.9489882092765036,0.035850675339457336,134,-1.0226752259830705,-1.0874152778377266,-1.0683451349072595,-1.0111516851738798,-1.0733378473395545,-1.052585034248298,0.030011747494824177,2.9489882092765036,0.035850675339457336
0.04205489158630371,0.004724028989621898,0.0027857303619384767,7.765486005941388e-05,0.7,0.1,5,100,5,1.0,"{'model__colsample_bytree': 0.7, 'model__learning_rate': 0.1, 'model__max_depth': 5, 'model__n_estimators': 100, 'model__reg_lambda': 5, 'model__subsample': 1.0}",-2.9606046235345236,-2.971099018231585,-2.889323754641286,-2.9255609921662318,-2.998734932881969,-2.9490646642911194,0.03796634795169015,135,-1.326963533922432,-1.4628195542143927,-1.5208040532854594,-1.4268172508344439,-1.3718732441136285,-1.4218555272740714,0.06781769685835923,2.9490646642911194,0.03796634795169015
0.037652587890625,0.0053965374203201796,0.003896141052246094,0.0010699535690157605,0.7,0.1,5,100,1,1.0,"{'model__colsample_bytree': 0.7, 'model__learning_rate': 0.1, 'model__max_depth': 5, 'model__n_estimators': 100, 'model__reg_lambda': 1, 'model__subsample': 1.0}",-2.8952241288186262,-2.9970666643029062,-2.9325776260317977,-2.9299192029893297,-2.9984247271628517,-2.9506424698611022,0.040657926259800956,136,-1.1821679100372533,-1.2202788118815995,-1.2881464019499813,-1.188079010015049,-1.257623839134484,-1.2272591946036735,0.040611082741315765,2.9506424698611022,0.040657926259800956
0.1058431625366211,0.010049503605240867,0.007537031173706054,0.004611450588487454,0.7,0.05,5,300,5,1.0,"{'model__colsample_bytree': 0.7, 'model__learning_rate': 0.05, 'model__max_depth': 5, 'model__n_estimators': 300, 'model__reg_lambda': 5, 'model__subsample': 1.0}",-2.9367063115838885,-3.0146729852321594,-2.9306703889670676,-2.9157239855502217,-2.975868722921223,-2.9547284788509125,0.035958849993143666,137,-1.1007059823562877,-1.1119557069610573,-1.1991916695348108,-1.144844416071868,-1.232946561778265,-1.1579288673404577,0.05077295782180952,2.9547284788509125,0.035958849993143666
0.11375627517700196,0.010897514090198268,0.004697608947753906,0.002124590397045861,1.0,0.05,5,200,1,1.0,"{'model__colsample_bytree': 1.0, 'model__learning_rate': 0.05, 'model__max_depth': 5, 'model__n_estimators': 200, 'model__reg_lambda': 1, 'model__subsample': 1.0}",-2.9005721829059508,-2.971403636439924,-2.9645254744432536,-2.9244390895313925,-3.0151478200988837,-2.955217640683881,0.03968297846540019,138,-1.1840011018250869,-1.1725374613836352,-1.26766290724887,-1.135897103855423,-1.2306290859945144,-1.1981455320615058,0.04608373190995499,2.955217640683881,0.03968297846540019
0.15113682746887208,0.01559053674799316,0.0034311294555664064,0.00021187884471341448,0.7,0.05,7,200,5,1.0,"{'model__colsample_bytree': 0.7, 'model__learning_rate': 0.05, 'model__max_depth': 7, 'model__n_estimators': 200, 'model__reg_lambda': 5, 'model__subsample': 1.0}",-2.933437069907687,-2.9972222457858555,-2.9117605516799876,-2.898039726694699,-3.0429910544094763,-2.9566901296955415,0.054936224084939554,139,-0.8407087377210015,-0.912135006596972,-0.9445639452784768,-0.8577016631873821,-0.8710419858303955,-0.8852302677228454,0.03790949303431849,2.9566901296955415,0.054936224084939554
0.04289984703063965,0.01039531313821356,0.004747915267944336,0.0012361647960370326,0.7,0.1,3,200,1,0.7,"{'model__colsample_bytree': 0.7, 'model__learning_rate': 0.1, 'model__max_depth': 3, 'model__n_estimators': 200, 'model__reg_lambda': 1, 'model__subsample': 0.7}",-2.985726304479996,-2.9685829661809744,-2.971010124488476,-2.9106848380745167,-2.9491880843738523,-2.957038463519563,0.025929759410884372,140,-1.5830742559334545,-1.5762551279894501,-1.6118769778022037,-1.5655073488764797,-1.5980262603302162,-1.5869479941863607,0.016329278684217807,2.957038463519563,0.025929759410884372
0.1049168586730957,0.02959920708041909,0.0034781455993652343,0.0006124631223262163,0.7,0.1,7,100,5,1.0,"{'model__colsample_bytree': 0.7, 'model__learning_rate': 0.1, 'model__max_depth': 7, 'model__n_estimators': 100, 'model__reg_lambda': 5, 'model__subsample': 1.0}",-2.946037700256276,-2.9749687993496607,-2.9252418224670995,-2.9248522607407694,-3.0237372404305063,-2.9589675646488627,0.037201106038590455,141,-0.7771323326556536,-0.8125642622311343,-0.9027117279032895,-0.8724395555495869,-0.8768540268134335,-0.8483403810306196,0.046261341093396725,2.9589675646488627,0.037201106038590455
0.13889217376708984,0.014191033688207276,0.004973793029785156,0.00062014951337734,1.0,0.05,5,300,5,1.0,"{'model__colsample_bytree': 1.0, 'model__learning_rate': 0.05, 'model__max_depth': 5, 'model__n_estimators': 300, 'model__reg_lambda': 5, 'model__subsample': 1.0}",-2.96751179245075,-3.00130872646485,-2.935884926418233,-2.9009448850712563,-3.009797103948736,-2.963089486870765,0.040654417219117014,142,-1.011031841450269,-1.064125826033838,-1.1783156635773553,-1.0680625383335025,-1.1657795288693313,-1.0974630796528593,0.0642656997266466,2.963089486870765,0.040654417219117014
0.1076878547668457,0.006360650189417932,0.00446009635925293,0.0019560250343959454,1.0,0.05,7,100,1,1.0,"{'model__colsample_bytree': 1.0, 'model__learning_rate': 0.05, 'model__max_depth': 7, 'model__n_estimators': 100, 'model__reg_lambda': 1, 'model__subsample': 1.0}",-2.9001934421097015,-3.0096380222515773,-2.9787992571809294,-2.947314754176266,-2.9795592594542333,-2.9631009470345417,0.03712026513843846,143,-1.0324295321567627,-1.1141219604840067,-1.2686940074337736,-1.0837346035717215,-1.0755823110688159,-1.1149124829430161,0.08120559334505509,2.9631009470345417,0.03712026513843846
0.15655179023742677,0.018483484913147535,0.010222291946411133,0.006473054700742274,0.7,0.05,7,200,5,0.7,"{'model__colsample_bytree': 0.7, 'model__learning_rate': 0.05, 'model__max_depth': 7, 'model__n_estimators': 200, 'model__reg_lambda': 5, 'model__subsample': 0.7}",-2.9550949110297275,-2.9475632021515454,-2.9235840230176984,-2.9695791733911077,-3.0334642646645853,-2.965857114850933,0.03693802104007518,144,-0.7693295473305709,-0.7784666292136546,-0.7236448672660872,-0.6920874527353484,-0.7327190177477348,-0.7392495028586791,0.031474443393237336,2.965857114850933,0.03693802104007518
0.109932279586792,0.009814940089214772,0.00673370361328125,0.0037704466476897753,1.0,0.05,5,200,5,0.7,"{'model__colsample_bytree': 1.0, 'model__learning_rate': 0.05, 'model__max_depth': 5, 'model__n_estimators': 200, 'model__reg_lambda': 5, 'model__subsample': 0.7}",-2.9382648248967693,-2.9280372374884593,-2.960432096421465,-2.9497694525834066,-3.053071840090274,-2.965915090296075,0.044913946127308334,145,-1.2216675839228164,-1.269012613991035,-1.2516602839719668,-1.2305387149791547,-1.194665053260568,-1.2335088500251081,0.025486740247653468,2.965915090296075,0.044913946127308334
0.048424386978149415,0.0023159772965455332,0.005430793762207032,0.002801758106807008,1.0,0.1,3,200,5,0.7,"{'model__colsample_bytree': 1.0, 'model__learning_rate': 0.1, 'model__max_depth': 3, 'model__n_estimators': 200, 'model__reg_lambda': 5, 'model__subsample': 0.7}",-2.9762638039135276,-2.92355484474439,-2.937184581302444,-2.975253810301205,-3.0182322324048743,-2.966097854533288,0.03331983331201606,146,-1.6371586766285748,-1.6665069709299012,-1.6512520879381758,-1.6388914814413706,-1.6236457190000324,-1.6434909871876109,0.01445723674875999,2.966097854533288,0.03331983331201606
0.044832611083984376,0.007424866534644733,0.0039746761322021484,0.0009896014892799476,0.7,0.1,5,100,1,0.7,"{'model__colsample_bytree': 0.7, 'model__learning_rate': 0.1, 'model__max_depth': 5, 'model__n_estimators': 100, 'model__reg_lambda': 1, 'model__subsample': 0.7}",-3.018395987263246,-2.910714723182719,-2.918800822671949,-2.989946747501766,-2.995528547140342,-2.9666773655520045,0.04352620209982945,147,-1.14430716550533,-1.1440994587290902,-1.1611062014202524,-1.1338727427069037,-1.1421617410816904,-1.1451094618886533,0.008860162272059671,2.9666773655520045,0.04352620209982945
0.119411039352417,0.061430456877163704,0.0036451339721679686,0.000923605479284262,0.7,0.05,5,300,1,1.0,"{'model__colsample_bytree': 0.7, 'model__learning_rate': 0.05, 'model__max_depth': 5, 'model__n_estimators': 300, 'model__reg_lambda': 1, 'model__subsample': 1.0}",-2.9478754712596507,-2.997421038374349,-3.0003082380126265,-2.900381944359604,-3.003083055907943,-2.969813949582835,0.040251674734124485,148,-0.9266958226955737,-0.8381994663649489,-0.9190897808094511,-0.9484846824792419,-0.8906498128252384,-0.9046239130348906,0.03802020571977037,2.969813949582835,0.040251674734124485
0.07717156410217285,0.010802942686532889,0.004672861099243164,0.002556814882353011,0.7,0.1,7,100,1,1.0,"{'model__colsample_bytree': 0.7, 'model__learning_rate': 0.1, 'model__max_depth': 7, 'model__n_estimators': 100, 'model__reg_lambda': 1, 'model__subsample': 1.0}",-2.9023817019710756,-2.9852493497517365,-2.951888373961968,-2.993722268284353,-3.0253268493757495,-2.971713708668976,0.041813706320563866,149,-0.5595747557930166,-0.5343977259101821,-0.6127438786651149,-0.5244503028982531,-0.5525269216957222,-0.5567387169924578,0.030672535066203776,2.971713708668976,0.041813706320563866
0.14664254188537598,0.007596162123808864,0.005967617034912109,0.0019779901080737316,0.7,0.05,7,200,1,1.0,"{'model__colsample_bytree': 0.7, 'model__learning_rate': 0.05, 'model__max_depth': 7, 'model__n_estimators': 200, 'model__reg_lambda': 1, 'model__subsample': 1.0}",-2.9858462496507645,-3.033861035461678,-2.96150291372265,-2.8536831464050447,-3.0292620754034614,-2.9728310841287198,0.06542639341744758,150,-0.551970048775113,-0.6526478478947237,-0.6179877216905516,-0.6216873035725495,-0.5675817026757453,-0.6023749249217366,0.037135734892310944,2.9728310841287198,0.06542639341744758
0.09876999855041504,0.015594958149207618,0.0040858745574951175,0.0013679968475138525,0.7,0.1,7,100,5,0.7,"{'model__colsample_bytree': 0.7, 'model__learning_rate': 0.1, 'model__max_depth': 7, 'model__n_estimators': 100, 'model__reg_lambda': 5, 'model__subsample': 0.7}",-2.9718060404306557,-2.9396698712127214,-2.9880213809631146,-2.970620400979546,-3.029889195418832,-2.980001377800974,0.029444563171523493,151,-0.7493163912353019,-0.756618319808483,-0.7484117588697157,-0.7073532825392889,-0.7165411599957285,-0.7356481824897037,0.019774504511007943,2.980001377800974,0.029444563171523493
0.15840396881103516,0.009808658567150994,0.006438636779785156,0.002009156665525424,0.7,0.05,7,200,1,0.7,"{'model__colsample_bytree': 0.7, 'model__learning_rate': 0.05, 'model__max_depth': 7, 'model__n_estimators': 200, 'model__reg_lambda': 1, 'model__subsample': 0.7}",-2.976644242386673,-2.946333594323755,-2.9940055553066798,-2.94123024362623,-3.056609524028751,-2.9829646319344176,0.04163895178417865,152,-0.5140026076479026,-0.5136581252314746,-0.4908047853333731,-0.47683163734271716,-0.4698175144813928,-0.49302293400737207,0.018284023569870928,2.9829646319344176,0.04163895178417865
0.11864261627197266,0.04532759881097504,0.003420114517211914,0.0004299125051365936,0.7,0.1,7,100,1,0.7,"{'model__colsample_bytree': 0.7, 'model__learning_rate': 0.1, 'model__max_depth': 7, 'model__n_estimators': 100, 'model__reg_lambda': 1, 'model__subsample': 0.7}",-2.8825655897133022,-2.9783069268257485,-2.9606703542673816,-3.029431798195726,-3.076483761283995,-2.985491686057231,0.06553135401386498,153,-0.4930910919718539,-0.510229522362274,-0.4959000124970628,-0.4823681642917468,-0.487689116865979,-0.4938555815977833,0.00941122863286986,2.985491686057231,0.06553135401386498
0.12945008277893066,0.007973876682310843,0.006899690628051758,0.002439763955673852,0.7,0.05,5,300,5,0.7,"{'model__colsample_bytree': 0.7, 'model__learning_rate': 0.05, 'model__max_depth': 5, 'model__n_estimators': 300, 'model__reg_lambda': 5, 'model__subsample': 0.7}",-2.996629998195532,-2.9539977720259296,-2.968879963475922,-2.992960842748379,-3.0294682950264,-2.9883873742944322,0.025844470711114835,154,-0.9816158260214648,-0.9957180454362686,-0.989021782763335,-0.9698418606672881,-0.9866453823549007,-0.9845685794486515,0.008649274197867355,2.9883873742944322,0.025844470711114835
0.058098459243774415,0.006258559333028034,0.0039956092834472655,0.001496773704790819,1.0,0.1,5,100,1,1.0,"{'model__colsample_bytree': 1.0, 'model__learning_rate': 0.1, 'model__max_depth': 5, 'model__n_estimators': 100, 'model__reg_lambda': 1, 'model__subsample': 1.0}",-2.9334434153993296,-3.0084739936630274,-3.0374316169798767,-2.9321719697734063,-3.04361419984563,-2.991027039132254,0.0489958844209576,155,-1.091825340802828,-1.1347308501954134,-1.2775409261684518,-1.132939248136947,-1.191588627953281,-1.1657249986513842,0.064293749420309,2.991027039132254,0.0489958844209576
0.12726306915283203,0.009313202525148053,0.004725170135498047,0.001789448426759684,0.7,0.05,5,300,1,0.7,"{'model__colsample_bytree': 0.7, 'model__learning_rate': 0.05, 'model__max_depth': 5, 'model__n_estimators': 300, 'model__reg_lambda': 1, 'model__subsample': 0.7}",-3.0058274338362034,-2.9472169948745743,-2.9793745940478717,-2.9475046483743057,-3.0762071673425777,-2.9912261676951064,0.047799174921726625,156,-0.7541116093242528,-0.7789481515024794,-0.7833625719234274,-0.7717506024623911,-0.7850783890852034,-0.7746502648595508,0.01125492169720883,2.9912261676951064,0.047799174921726625
0.12437081336975098,0.015464041378640726,0.005791664123535156,0.0017704386538615641,1.0,0.1,7,100,5,0.7,"{'model__colsample_bytree': 1.0, 'model__learning_rate': 0.1, 'model__max_depth': 7, 'model__n_estimators': 100, 'model__reg_lambda': 5, 'model__subsample': 0.7}",-2.9841388232553325,-2.9872888583945008,-2.9458201261141874,-2.9869294833840128,-3.0681339631091813,-2.994462250851443,0.040020871525576616,157,-0.6620736665076115,-0.6747810453746018,-0.6325524833547008,-0.6234763264092397,-0.6220021511814562,-0.6429771345655221,0.021471241578187264,2.994462250851443,0.040020871525576616
0.2052210807800293,0.023193196923148144,0.006301212310791016,0.0025254586252008316,1.0,0.05,7,200,5,1.0,"{'model__colsample_bytree': 1.0, 'model__learning_rate': 0.05, 'model__max_depth': 7, 'model__n_estimators': 200, 'model__reg_lambda': 5, 'model__subsample': 1.0}",-2.934836252975239,-3.0784791260995625,-2.976945820102128,-2.9566855328423536,-3.0254022296805902,-2.994469792339975,0.05158542957949033,158,-0.7140811841423126,-0.7322419296231356,-0.8222228689488886,-0.7262050408791705,-0.7312728776661669,-0.7452047802519349,0.03904763174289472,2.994469792339975,0.05158542957949033
0.10505876541137696,0.012177165834727431,0.004852724075317383,0.0033142702788977766,1.0,0.1,7,100,5,1.0,"{'model__colsample_bytree': 1.0, 'model__learning_rate': 0.1, 'model__max_depth': 7, 'model__n_estimators': 100, 'model__reg_lambda': 5, 'model__subsample': 1.0}",-2.9239332204920907,-3.038598044299581,-2.9563223872778472,-2.9832815539252815,-3.0713329067609583,-2.9946936225511513,0.05368575162840931,159,-0.7224710884566072,-0.767797262344877,-0.8055813802582462,-0.8862281629118292,-0.8050987896286734,-0.7974353367200466,0.05386521417260633,2.9946936225511513,0.05368575162840931
0.05373215675354004,0.00857065454317804,0.004952239990234375,0.002720687715596575,1.0,0.1,3,200,1,0.7,"{'model__colsample_bytree': 1.0, 'model__learning_rate': 0.1, 'model__max_depth': 3, 'model__n_estimators': 200, 'model__reg_lambda': 1, 'model__subsample': 0.7}",-3.0380007861548424,-2.9261099405883644,-2.983576296893025,-2.989276594007451,-3.0679682530039907,-3.0009863741295346,0.04879210762995508,160,-1.5221289047903581,-1.5325745192400715,-1.5379909204939075,-1.5232687147542145,-1.4998384823971065,-1.5231603083351317,0.01306566136308554,3.0009863741295346,0.04879210762995508
0.2512448787689209,0.05830538686440165,0.004515886306762695,0.002032752952017231,0.7,0.05,7,300,5,1.0,"{'model__colsample_bytree': 0.7, 'model__learning_rate': 0.05, 'model__max_depth': 7, 'model__n_estimators': 300, 'model__reg_lambda': 5, 'model__subsample': 1.0}",-2.9705401706545116,-3.0562109542254716,-2.9779433466775194,-2.926312846982721,-3.0801326902967827,-3.0022280017674015,0.05716690212073017,161,-0.5414201629303456,-0.566526457715858,-0.576800734912527,-0.5932590599808103,-0.5658856867025871,-0.5687784204484256,0.016885335296488828,3.0022280017674015,0.05716690212073017
0.23345179557800294,0.022651212298381802,0.005466175079345703,0.0014293889600666618,0.7,0.05,7,300,1,1.0,"{'model__colsample_bytree': 0.7, 'model__learning_rate': 0.05, 'model__max_depth': 7, 'model__n_estimators': 300, 'model__reg_lambda': 1, 'model__subsample': 1.0}",-3.0142992281326864,-3.0586422417314574,-2.9932784489075788,-2.887511573601166,-3.066563561330735,-3.0040590107407246,0.06432812078604372,162,-0.27347944830630183,-0.32355277766913837,-0.31827002058131015,-0.3402178486081079,-0.2977233178969942,-0.3106486826123705,0.02301109763257416,3.0040590107407246,0.06432812078604372
0.07206697463989258,0.007530681041207516,0.0038155555725097657,0.001742245352271576,1.0,0.1,3,300,1,1.0,"{'model__colsample_bytree': 1.0, 'model__learning_rate': 0.1, 'model__max_depth': 3, 'model__n_estimators': 300, 'model__reg_lambda': 1, 'model__subsample': 1.0}",-3.026329942327338,-3.061408938124819,-2.9836056739801036,-2.926935413298518,-3.0235516853134823,-3.0043663306088524,0.04589311269953286,163,-1.327365180011717,-1.29467630663008,-1.3243182993368867,-1.3411578818537895,-1.3404143966098294,-1.3255864128884605,0.01686740371451532,3.0043663306088524,0.04589311269953286
0.2227910041809082,0.02033244091111313,0.007718420028686524,0.0028270224881305653,1.0,0.05,7,200,5,0.7,"{'model__colsample_bytree': 1.0, 'model__learning_rate': 0.05, 'model__max_depth': 7, 'model__n_estimators': 200, 'model__reg_lambda': 5, 'model__subsample': 0.7}",-3.0086858739458977,-2.994972091647935,-2.9968672604411215,-2.9420447336599014,-3.0801705443677263,-3.0045481008125163,0.04425661826554267,164,-0.6478984969568705,-0.6555863186064449,-0.6630573670747496,-0.6334973101056458,-0.626006930904698,-0.6452092847296818,0.013706709888901906,3.0045481008125163,0.04425661826554267
0.10425162315368652,0.015956989788833028,0.007183551788330078,0.003041084586995441,1.0,0.05,5,200,1,0.7,"{'model__colsample_bytree': 1.0, 'model__learning_rate': 0.05, 'model__max_depth': 5, 'model__n_estimators': 200, 'model__reg_lambda': 1, 'model__subsample': 0.7}",-3.03195064993291,-2.933839034081907,-2.999768201823429,-2.9711347502605445,-3.0898590109696786,-3.005310329413694,0.05322596673674484,165,-1.030522101526038,-1.0897026813491972,-1.0558498726699113,-1.0453001407307643,-1.0481212347561626,-1.0538992062064145,0.019695237172085035,3.005310329413694,0.05322596673674484
0.08770842552185058,0.024998526635193703,0.004510021209716797,0.0021387322211723044,0.7,0.1,3,300,1,1.0,"{'model__colsample_bytree': 0.7, 'model__learning_rate': 0.1, 'model__max_depth': 3, 'model__n_estimators': 300, 'model__reg_lambda': 1, 'model__subsample': 1.0}",-3.0294797836212117,-3.068871681298706,-3.0032484058194084,-2.931898796788625,-2.999747325012124,-3.006649198508015,0.04481003634705751,166,-1.338351915550487,-1.325970726128942,-1.3628091677235468,-1.4120807301235372,-1.368922498014816,-1.3616270075082657,0.02970959480601874,3.006649198508015,0.04481003634705751
0.10073885917663575,0.009239978542858733,0.00408172607421875,0.0015557060203184544,1.0,0.1,5,200,5,1.0,"{'model__colsample_bytree': 1.0, 'model__learning_rate': 0.1, 'model__max_depth': 5, 'model__n_estimators': 200, 'model__reg_lambda': 5, 'model__subsample': 1.0}",-2.958537672557682,-3.0258982438304933,-2.9856432300905893,-2.9754348906240096,-3.0929595977363253,-3.00769472696782,0.0480517382975408,167,-0.7541900064545559,-0.7866988255711669,-0.844928521142777,-0.8573010492700787,-0.8316596298266553,-0.8149556064530467,0.038630144571869224,3.00769472696782,0.0480517382975408
0.2690439701080322,0.03005556164127896,0.0056762218475341795,0.0016170100613542347,0.7,0.05,7,300,5,0.7,"{'model__colsample_bytree': 0.7, 'model__learning_rate': 0.05, 'model__max_depth': 7, 'model__n_estimators': 300, 'model__reg_lambda': 5, 'model__subsample': 0.7}",-2.9924273425439987,-2.9901172363738286,-2.9737642394016754,-3.0151236708300875,-3.0732603216417984,-3.008938562158278,0.03475525851194012,168,-0.4346980761244001,-0.4513733854173824,-0.3996075415717116,-0.390424844979483,-0.4246312693837924,-0.4201470234953539,0.02241519790725788,3.008938562158278,0.03475525851194012
0.14596166610717773,0.012328815634486316,0.0062373638153076175,0.0034534648736754057,1.0,0.05,5,300,1,1.0,"{'model__colsample_bytree': 1.0, 'model__learning_rate': 0.05, 'model__max_depth': 5, 'model__n_estimators': 300, 'model__reg_lambda': 1, 'model__subsample': 1.0}",-2.948511757855071,-3.012322097952691,-3.0191423305575498,-2.9759946707644622,-3.093434562448463,-3.0098810839156473,0.04896406067965983,169,-0.8736836510704097,-0.8497713321957441,-0.892197383037998,-0.8331934314264889,-0.9043694604741512,-0.8706430516409582,0.02626559661022453,3.0098810839156473,0.04896406067965983
0.053640222549438475,0.007363531519753487,0.005100774765014649,0.001868196391054798,0.7,0.1,3,300,5,0.7,"{'model__colsample_bytree': 0.7, 'model__learning_rate': 0.1, 'model__max_depth': 3, 'model__n_estimators': 300, 'model__reg_lambda': 5, 'model__subsample': 0.7}",-2.993097628420859,-2.990151250723846,-2.9918123723035253,-3.0162907993903745,-3.063371222107515,-3.010944654589224,0.027907176348772666,170,-1.4508743927578793,-1.4487392077651384,-1.4466966048567658,-1.447634445977621,-1.4574020404245314,-1.4502693383563872,0.0038285744541525163,3.010944654589224,0.027907176348772666
0.2607723236083984,0.05267288212695416,0.006122159957885742,0.002059114286557246,0.7,0.05,7,300,1,0.7,"{'model__colsample_bytree': 0.7, 'model__learning_rate': 0.05, 'model__max_depth': 7, 'model__n_estimators': 300, 'model__reg_lambda': 1, 'model__subsample': 0.7}",-2.9985083809736945,-2.9774386823650136,-3.0247768873086467,-2.9730258470888717,-3.0927823164207844,-3.0133064228314024,0.043762977157160904,171,-0.22655876365045274,-0.24467792959411638,-0.22780615213796584,-0.21516179057242923,-0.21932363872844382,-0.22670565493668163,0.010119192608713582,3.0133064228314024,0.043762977157160904
0.17358965873718263,0.05103995616955953,0.004062938690185547,0.0011125366436269596,0.7,0.1,7,200,1,1.0,"{'model__colsample_bytree': 0.7, 'model__learning_rate': 0.1, 'model__max_depth': 7, 'model__n_estimators': 200, 'model__reg_lambda': 1, 'model__subsample': 1.0}",-2.9424056716075166,-3.0350869886727305,-3.0137838064287314,-3.027318381534021,-3.0646200287373664,-3.0166429753960733,0.04068241804576316,172,-0.15180563505932795,-0.12696965528853835,-0.1694268702788994,-0.15549534267824833,-0.1376887210638444,-0.1482772448737717,0.014683237642971565,3.0166429753960733,0.04068241804576316
0.06923041343688965,0.00663201751567628,0.006303071975708008,0.004071803789403008,1.0,0.1,3,300,5,0.7,"{'model__colsample_bytree': 1.0, 'model__learning_rate': 0.1, 'model__max_depth': 3, 'model__n_estimators': 300, 'model__reg_lambda': 5, 'model__subsample': 0.7}",-2.990781501761645,-2.974455878122216,-3.009093881252247,-3.049491523807774,-3.0623750910520138,-3.017239575199179,0.03368747451451154,173,-1.379189562463615,-1.3929443733402462,-1.3729984922097338,-1.3779872388544858,-1.364820720513212,-1.3775880774762583,0.009193580405625203,3.017239575199179,0.03368747451451154
0.13874306678771972,0.01675882688715969,0.004273128509521484,0.0008815816190384183,0.7,0.1,7,200,5,1.0,"{'model__colsample_bytree': 0.7, 'model__learning_rate': 0.1, 'model__max_depth': 7, 'model__n_estimators': 200, 'model__reg_lambda': 5, 'model__subsample': 1.0}",-2.9876453980854523,-3.010969495845459,-3.0080933873535973,-2.9898445189209855,-3.091600982787626,-3.0176307565986242,0.038152653639901446,174,-0.29237245742631895,-0.33187896475013406,-0.3633719561960404,-0.35805867877856684,-0.3212748641029521,-0.3333913842508025,0.025841671557988125,3.0176307565986242,0.038152653639901446
0.059844970703125,0.005937985371057775,0.003964281082153321,0.0014029993780951225,1.0,0.1,5,100,1,0.7,"{'model__colsample_bytree': 1.0, 'model__learning_rate': 0.1, 'model__max_depth': 5, 'model__n_estimators': 100, 'model__reg_lambda': 1, 'model__subsample': 0.7}",-3.0154323266022547,-3.004532781278644,-3.0615243086358603,-2.9809751491083336,-3.031980026127421,-3.0188889183505028,0.026998719243327644,175,-1.0011581089172157,-1.0937575415018668,-1.0887178701464444,-1.0505149387666792,-1.0523504717440497,-1.0572997862152511,0.03328267332086844,3.0188889183505028,0.026998719243327644
0.06571898460388184,0.029582079983767644,0.0043408870697021484,0.0017182079502444253,0.7,0.1,3,300,1,0.7,"{'model__colsample_bytree': 0.7, 'model__learning_rate': 0.1, 'model__max_depth': 3, 'model__n_estimators': 300, 'model__reg_lambda': 1, 'model__subsample': 0.7}",-3.0694904180311386,-3.029467473978547,-3.0259499559359018,-2.9904908275282325,-3.005181534787325,-3.024116042052229,0.026758197534287268,176,-1.2783115135505891,-1.294619962841494,-1.3122319313119533,-1.2874401335236416,-1.3053180235505617,-1.2955843129556481,0.012144921143700468,3.024116042052229,0.026758197534287268
0.29074997901916505,0.010598599212160172,0.003847026824951172,0.000763504141209026,1.0,0.05,7,300,5,1.0,"{'model__colsample_bytree': 1.0, 'model__learning_rate': 0.05, 'model__max_depth': 7, 'model__n_estimators': 300, 'model__reg_lambda': 5, 'model__subsample': 1.0}",-2.947736190063207,-3.114074956195757,-3.0176977709098045,-2.9809358050274937,-3.062541967465988,-3.02459733793245,0.05883469828765969,177,-0.49086482733917086,-0.41947245661985605,-0.4654944734173478,-0.4661780919867402,-0.4522153832503165,-0.4588450465226863,0.0233126921143934,3.02459733793245,0.05883469828765969
0.22793059349060057,0.017612071057973824,0.0074671745300292965,0.003844957330644141,0.7,0.1,7,300,1,1.0,"{'model__colsample_bytree': 0.7, 'model__learning_rate': 0.1, 'model__max_depth': 7, 'model__n_estimators': 300, 'model__reg_lambda': 1, 'model__subsample': 1.0}",-2.9506773601654968,-3.0452312740182723,-3.0233991688117734,-3.0332495183378856,-3.0738400840248152,-3.0252794810716486,0.04096032156337638,178,-0.048400398315546024,-0.03415104570483501,-0.050857893912954394,-0.045974429787923675,-0.04025391472946639,-0.0439275364901451,0.006021650737219701,3.0252794810716486,0.04096032156337638
0.12719902992248536,0.013686517179907967,0.00628514289855957,0.004094482728146228,1.0,0.1,7,100,1,0.7,"{'model__colsample_bytree': 1.0, 'model__learning_rate': 0.1, 'model__max_depth': 7, 'model__n_estimators': 100, 'model__reg_lambda': 1, 'model__subsample': 0.7}",-3.0576812483304394,-2.9935228907705955,-3.053291131398768,-3.015962615577432,-3.0151399478459844,-3.027119566784644,0.024558878812382383,179,-0.42345663850010345,-0.4647363919793484,-0.42720726349197125,-0.41506291945275564,-0.429641066010808,-0.43202085588699735,0.017088345741867173,3.027119566784644,0.024558878812382383
0.1830984592437744,0.0672209874569936,0.004630041122436523,0.0016143927050840284,0.7,0.1,7,200,1,0.7,"{'model__colsample_bytree': 0.7, 'model__learning_rate': 0.1, 'model__max_depth': 7, 'model__n_estimators': 200, 'model__reg_lambda': 1, 'model__subsample': 0.7}",-2.9191436036142298,-3.023384900090952,-3.0227259932582426,-3.072830486499755,-3.1138018481386687,-3.0303773663203697,0.06518021116732939,180,-0.1071315854906495,-0.11334492747793808,-0.09849110660904245,-0.10160125851224949,-0.09826267454046783,-0.10376631052606947,0.005759864823910821,3.0303773663203697,0.06518021116732939
0.12710680961608886,0.01787704976450644,0.0035243988037109374,0.000989516767488996,1.0,0.1,7,100,1,1.0,"{'model__colsample_bytree': 1.0, 'model__learning_rate': 0.1, 'model__max_depth': 7, 'model__n_estimators': 100, 'model__reg_lambda': 1, 'model__subsample': 1.0}",-2.965477090933408,-3.009349617397239,-3.025517918000106,-3.0230198958892758,-3.141362112247378,-3.0329453268934814,0.0583379812817632,181,-0.5382866707798,-0.48755131546776387,-0.5065957242026699,-0.5527786892017563,-0.578053997564513,-0.5326532794433005,0.032283666958345406,3.0329453268934814,0.0583379812817632
0.21982064247131347,0.02098453401804743,0.006866979598999024,0.002315470047428837,1.0,0.05,7,200,1,0.7,"{'model__colsample_bytree': 1.0, 'model__learning_rate': 0.05, 'model__max_depth': 7, 'model__n_estimators': 200, 'model__reg_lambda': 1, 'model__subsample': 0.7}",-2.9863835020079876,-3.0381541401353074,-3.0492721858103913,-2.9997099580814015,-3.0948741863886218,-3.033678794484742,0.03846761000908414,182,-0.4376602100852357,-0.4558565362927796,-0.4324204968613148,-0.4176744078962052,-0.4397478835069087,-0.4366719069284888,0.012308272307084518,3.033678794484742,0.03846761000908414
0.08069434165954589,0.006285970904018773,0.004871988296508789,0.0018202051617346973,0.7,0.1,5,200,5,1.0,"{'model__colsample_bytree': 0.7, 'model__learning_rate': 0.1, 'model__max_depth': 5, 'model__n_estimators': 200, 'model__reg_lambda': 5, 'model__subsample': 1.0}",-3.0126973681624,-3.0591229006185143,-3.000899765243098,-3.0063336480084115,-3.0907860189814778,-3.03396794020278,0.03513021959735614,183,-0.8040963597177723,-0.9055642355438038,-0.8943971839838343,-0.941084032332955,-0.8861518676253701,-0.886258735840747,0.04515621167327833,3.03396794020278,0.03513021959735614
0.16449365615844727,0.017857460597637966,0.00575098991394043,0.003291758186774099,1.0,0.05,5,300,5,0.7,"{'model__colsample_bytree': 1.0, 'model__learning_rate': 0.05, 'model__max_depth': 5, 'model__n_estimators': 300, 'model__reg_lambda': 5, 'model__subsample': 0.7}",-3.0066220576456972,-2.9903333785720903,-3.0534224525188987,-3.0055835034947553,-3.116017024571649,-3.034395683360618,0.04597186962250391,184,-0.8795081208247639,-0.9196603174375972,-0.8970051606149629,-0.8792327788885188,-0.8498906979032127,-0.8850594151338111,0.02298490158962189,3.034395683360618,0.04597186962250391
0.11275558471679688,0.011892120508998528,0.004751873016357422,0.0026305293006369623,1.0,0.1,5,200,5,0.7,"{'model__colsample_bytree': 1.0, 'model__learning_rate': 0.1, 'model__max_depth': 5, 'model__n_estimators': 200, 'model__reg_lambda': 5, 'model__subsample': 0.7}",-3.070063763504243,-3.0186477386059147,-3.023435363495735,-2.9820385634283855,-3.078971331601472,-3.0346313521271506,0.035688421207788826,185,-0.6474552610843854,-0.6790225317094639,-0.6527414147818686,-0.6358954325489176,-0.6180076587150866,-0.6466244597679445,0.02010858405041544,3.0346313521271506,0.035688421207788826
0.07633404731750489,0.010050721523556374,0.0030623435974121093,0.00018552707451573714,0.7,0.1,5,200,1,1.0,"{'model__colsample_bytree': 0.7, 'model__learning_rate': 0.1, 'model__max_depth': 5, 'model__n_estimators': 200, 'model__reg_lambda': 1, 'model__subsample': 1.0}",-2.9898860710338266,-3.06290007762444,-3.0059300665081694,-2.998300923736718,-3.116281665400387,-3.034659760860708,0.0481906515144033,186,-0.6229819702804292,-0.6677572527114479,-0.6852744227486949,-0.6492987156665457,-0.624503112084329,-0.6499630946982894,0.02424935107228086,3.034659760860708,0.0481906515144033
0.2672106266021729,0.0739174685954815,0.005647611618041992,0.0030350576319653085,0.7,0.1,7,300,1,0.7,"{'model__colsample_bytree': 0.7, 'model__learning_rate': 0.1, 'model__max_depth': 7, 'model__n_estimators': 300, 'model__reg_lambda': 1, 'model__subsample': 0.7}",-2.9240679319487968,-3.024826447267179,-3.0273284065904686,-3.0828070077976295,-3.1178677988459067,-3.035379518489996,0.065757342025773,187,-0.022426003333262296,-0.027145779175727476,-0.020831640360786816,-0.02360713613614529,-0.021679866041018056,-0.023138085009387986,0.0022015799454334012,3.035379518489996,0.065757342025773
0.22162222862243652,0.013207170509406462,0.005985450744628906,0.002825280022048362,0.7,0.1,7,300,5,1.0,"{'model__colsample_bytree': 0.7, 'model__learning_rate': 0.1, 'model__max_depth': 7, 'model__n_estimators': 300, 'model__reg_lambda': 5, 'model__subsample': 1.0}",-3.0025210555947557,-3.0279282815390656,-3.034487867844518,-3.014374112320274,-3.113752319481699,-3.0386127273560626,0.03915928850883893,188,-0.127557641438943,-0.14953760767290022,-0.1414660433489366,-0.14482707159253558,-0.12092867616908672,-0.13686340804448044,0.010823608429086017,3.0386127273560626,0.03915928850883893
0.1557568073272705,0.01653281468170539,0.004555320739746094,0.0012363927823814368,0.7,0.1,7,200,5,0.7,"{'model__colsample_bytree': 0.7, 'model__learning_rate': 0.1, 'model__max_depth': 7, 'model__n_estimators': 200, 'model__reg_lambda': 5, 'model__subsample': 0.7}",-3.007642017292608,-2.9851414575170296,-3.067800373606728,-3.054599232380801,-3.0840063225626633,-3.039837880671966,0.037360198337633536,189,-0.24374420405727779,-0.25830858271266305,-0.25731392098037265,-0.22884339502781825,-0.22886349216372176,-0.2434147189883707,0.012955193839759,3.039837880671966,0.037360198337633536
0.3361838340759277,0.02171299382696464,0.004598474502563477,0.0017321459477222766,1.0,0.05,7,300,5,0.7,"{'model__colsample_bytree': 1.0, 'model__learning_rate': 0.05, 'model__max_depth': 7, 'model__n_estimators': 300, 'model__reg_lambda': 5, 'model__subsample': 0.7}",-3.0387020706321035,-3.0276888180859753,-3.048965855802043,-2.9828257829665588,-3.1171999630467724,-3.0430764981066907,0.04339363450054626,190,-0.35325550037981396,-0.3438283348598194,-0.3489503183627933,-0.33068017562714624,-0.33418052912639384,-0.3421789716711934,0.008572729049535913,3.0430764981066907,0.04339363450054626
0.19350090026855468,0.021854964094585625,0.006069850921630859,0.00211326450934672,1.0,0.05,7,200,1,1.0,"{'model__colsample_bytree': 1.0, 'model__learning_rate': 0.05, 'model__max_depth': 7, 'model__n_estimators': 200, 'model__reg_lambda': 1, 'model__subsample': 1.0}",-2.9656354116599357,-3.063667519656193,-3.092660385255444,-3.031772797950936,-3.06528034148965,-3.043803291202432,0.04358398114090139,191,-0.5187013120574656,-0.5256090347749884,-0.6078095301571804,-0.572519521443032,-0.568674325617397,-0.5586627448100128,0.0328545655079977,3.043803291202432,0.04358398114090139
0.2134082794189453,0.02828208776399764,0.004752302169799804,0.001677390497192099,1.0,0.1,7,200,5,0.7,"{'model__colsample_bytree': 1.0, 'model__learning_rate': 0.1, 'model__max_depth': 7, 'model__n_estimators': 200, 'model__reg_lambda': 5, 'model__subsample': 0.7}",-3.036960716925951,-3.005034384813426,-3.0330010124688913,-3.0368301637446766,-3.1189440300469697,-3.046154061599983,0.03829794429078634,192,-0.19936533352813565,-0.19580502072656752,-0.183257765940875,-0.16871860666668595,-0.16819202789463733,-0.18306775095138028,0.013077235357920122,3.046154061599983,0.03829794429078634
0.2344785213470459,0.01856805400316326,0.005211162567138672,0.0014911923329182506,0.7,0.1,7,300,5,0.7,"{'model__colsample_bytree': 0.7, 'model__learning_rate': 0.1, 'model__max_depth': 7, 'model__n_estimators': 300, 'model__reg_lambda': 5, 'model__subsample': 0.7}",-3.0164449128797273,-2.992996195208486,-3.0801774949769296,-3.0619152241523717,-3.0947509670568505,-3.049256958854873,0.038543274131418975,193,-0.08199883114316134,-0.0937946959455606,-0.08571648018764473,-0.07640338709962441,-0.08536620873148139,-0.08465592062149449,0.005662348351024676,3.049256958854873,0.038543274131418975
0.26343817710876466,0.029423173075400447,0.00468740463256836,0.0011315418063132519,1.0,0.1,7,300,5,0.7,"{'model__colsample_bytree': 1.0, 'model__learning_rate': 0.1, 'model__max_depth': 7, 'model__n_estimators': 300, 'model__reg_lambda': 5, 'model__subsample': 0.7}",-3.049715063196222,-3.005097051885234,-3.0389819906611772,-3.0474086704476697,-3.125290460318976,-3.0532986473018555,0.03939217054682762,194,-0.06287304983534879,-0.06013834825282372,-0.05763373850656716,-0.04956861902446961,-0.05372116260989382,-0.05678698364582062,0.004700912392667876,3.0532986473018555,0.03939217054682762
0.1860652446746826,0.055293075421907034,0.006973552703857422,0.003111057684576148,1.0,0.05,5,300,1,0.7,"{'model__colsample_bytree': 1.0, 'model__learning_rate': 0.05, 'model__max_depth': 5, 'model__n_estimators': 300, 'model__reg_lambda': 1, 'model__subsample': 0.7}",-3.0857371743865323,-2.9682868238779423,-3.0423793251238087,-3.0256385983962035,-3.1592604796060653,-3.05626048027811,0.06379282984151474,195,-0.6823056253547667,-0.7230518258215445,-0.6992018065989642,-0.682176452113009,-0.6981772917932696,-0.6969826003363109,0.014970586503759575,3.05626048027811,0.06379282984151474
0.32665581703186036,0.014469917468802315,0.008252620697021484,0.003700355161006215,1.0,0.05,7,300,1,0.7,"{'model__colsample_bytree': 1.0, 'model__learning_rate': 0.05, 'model__max_depth': 7, 'model__n_estimators': 300, 'model__reg_lambda': 1, 'model__subsample': 0.7}",-3.0137041024446054,-3.047523445492593,-3.083188960269662,-3.025746568007427,-3.1269463433600913,-3.0594218839148755,0.04120713972782264,196,-0.18468720914931364,-0.19470892364067557,-0.1788690672444532,-0.17077737076456975,-0.18948614434550712,-0.18370574302890386,0.008318443853881141,3.0594218839148755,0.04120713972782264
0.15656838417053223,0.014866980569120948,0.004138660430908203,0.0019785115955373,1.0,0.1,5,300,5,1.0,"{'model__colsample_bytree': 1.0, 'model__learning_rate': 0.1, 'model__max_depth': 5, 'model__n_estimators': 300, 'model__reg_lambda': 5, 'model__subsample': 1.0}",-2.999126089417652,-3.0720205187601497,-3.053988278443426,-3.0082063791495934,-3.1718787703571056,-3.0610440072255853,0.061774194157273914,197,-0.4673126762567588,-0.49909350993915824,-0.5326353071661196,-0.5646562139962035,-0.4847990129575912,-0.5096993440631662,0.03485815764110543,3.0610440072255853,0.061774194157273914
0.17485418319702148,0.026340946882812945,0.004324960708618164,0.0014575371007238761,1.0,0.1,7,200,5,1.0,"{'model__colsample_bytree': 1.0, 'model__learning_rate': 0.1, 'model__max_depth': 7, 'model__n_estimators': 200, 'model__reg_lambda': 5, 'model__subsample': 1.0}",-2.9766925957154164,-3.069568365048206,-3.04542259545857,-3.0651898217265416,-3.1507414372135623,-3.061522963032459,0.0556660103413928,198,-0.2693218474440395,-0.24058059649711114,-0.2780605007386548,-0.3493057140702848,-0.31690292389551517,-0.29083431652912106,0.03807852332609819,3.061522963032459,0.0556660103413928
0.19613428115844728,0.04145004441353158,0.005717611312866211,0.0028526361986808586,1.0,0.1,7,200,1,0.7,"{'model__colsample_bytree': 1.0, 'model__learning_rate': 0.1, 'model__max_depth': 7, 'model__n_estimators': 200, 'model__reg_lambda': 1, 'model__subsample': 0.7}",-3.090919802335936,-3.022266605556998,-3.0938721109495764,-3.0562410771769732,-3.051473936498284,-3.062954706503553,0.02672203188336917,199,-0.08114710307857907,-0.08382745551254979,-0.0759746815483787,-0.07152541747876726,-0.07066234594738659,-0.07662740071313229,0.005182791760759142,3.062954706503553,0.02672203188336917
0.2720521926879883,0.04092446534814662,0.0052150249481201175,0.0014550610180663656,1.0,0.1,7,300,1,0.7,"{'model__colsample_bytree': 1.0, 'model__learning_rate': 0.1, 'model__max_depth': 7, 'model__n_estimators': 300, 'model__reg_lambda': 1, 'model__subsample': 0.7}",-3.0982161649321878,-3.0276783823634768,-3.0983408658869656,-3.0609675293933254,-3.054020810455755,-3.067844750606342,0.02721826771152971,200,-0.01635630167844457,-0.019020887097232392,-0.016462282151508786,-0.012541516509906444,-0.013829421526315321,-0.015642081792681502,0.0022582473856472738,3.067844750606342,0.02721826771152971
0.10307817459106446,0.01580650893539634,0.003120231628417969,0.0001923101107284478,1.0,0.1,5,200,1,1.0,"{'model__colsample_bytree': 1.0, 'model__learning_rate': 0.1, 'model__max_depth': 5, 'model__n_estimators': 200, 'model__reg_lambda': 1, 'model__subsample': 1.0}",-3.014866887775434,-3.0730569312394866,-3.128162086449595,-3.0090753706557893,-3.145099642900777,-3.0740521838042163,0.056038378008250095,201,-0.5810492783856764,-0.5882020214716955,-0.6305039784545533,-0.6080972341694569,-0.6351574951215991,-0.6086020015205963,0.0217276660607271,3.0740521838042163,0.056038378008250095
0.06898384094238282,0.0066093708255857775,0.0055828094482421875,0.0028458080882806072,1.0,0.1,3,300,1,0.7,"{'model__colsample_bytree': 1.0, 'model__learning_rate': 0.1, 'model__max_depth': 3, 'model__n_estimators': 300, 'model__reg_lambda': 1, 'model__subsample': 0.7}",-3.103816314987039,-3.01920630981512,-3.0715131271898333,-3.0520221293021836,-3.126882100692124,-3.07468799639726,0.037880660867164316,202,-1.2158538191117019,-1.2415501647578806,-1.240667688277263,-1.2237533707768944,-1.227694321470536,-1.2299038728788552,0.00991575151821163,3.07468799639726,0.037880660867164316
0.15734782218933105,0.026019355137124178,0.009106159210205078,0.0032483873955609396,1.0,0.1,5,300,5,0.7,"{'model__colsample_bytree': 1.0, 'model__learning_rate': 0.1, 'model__max_depth': 5, 'model__n_estimators': 300, 'model__reg_lambda': 5, 'model__subsample': 0.7}",-3.119639795382053,-3.0369601341347505,-3.07172145835017,-3.0246190644971414,-3.12215801936722,-3.075019694346267,0.04052803246049166,203,-0.3540555225791559,-0.36906418491656273,-0.3515072411649177,-0.35133909235826694,-0.3353548535321098,-0.3522641789102026,0.010703299851681796,3.075019694346267,0.04052803246049166
0.10208916664123535,0.01632795262605908,0.004416179656982422,0.0025394865074064746,0.7,0.1,5,300,1,1.0,"{'model__colsample_bytree': 0.7, 'model__learning_rate': 0.1, 'model__max_depth': 5, 'model__n_estimators': 300, 'model__reg_lambda': 1, 'model__subsample': 1.0}",-3.0207192119027853,-3.113848014013665,-3.044244652496053,-3.0272034979910987,-3.170772271379843,-3.075357529556689,0.05806489125447636,204,-0.34969096147333206,-0.37978548710382,-0.36492652720826035,-0.3826805273448825,-0.33975342528778263,-0.3633673856836156,0.01667120944695825,3.075357529556689,0.05806489125447636
0.07480645179748535,0.0076638470400445064,0.004544782638549805,0.002562105321739923,0.7,0.1,5,200,1,0.7,"{'model__colsample_bytree': 0.7, 'model__learning_rate': 0.1, 'model__max_depth': 5, 'model__n_estimators': 200, 'model__reg_lambda': 1, 'model__subsample': 0.7}",-3.1066545686965825,-3.0193642887038163,-3.0650974597435208,-3.0637193020198934,-3.1255365305830614,-3.076074429949375,0.037069738240350876,205,-0.5348756781436247,-0.5397765938226571,-0.5448744572497389,-0.5384639385107679,-0.5367915318998597,-0.5389564399253297,0.0033845999051120646,3.076074429949375,0.037069738240350876
0.08234634399414062,0.007746747734487705,0.003754138946533203,0.0011350981103285377,0.7,0.1,5,200,5,0.7,"{'model__colsample_bytree': 0.7, 'model__learning_rate': 0.1, 'model__max_depth': 5, 'model__n_estimators': 200, 'model__reg_lambda': 5, 'model__subsample': 0.7}",-3.079625449494411,-3.0231854293284393,-3.04594542918076,-3.070429766310033,-3.162449686892717,-3.076327152241272,0.04734942599578442,206,-0.747730192738499,-0.7623180943523954,-0.7461972452713225,-0.7279164040468685,-0.7210813060681478,-0.7410486484954466,0.014796560527097637,3.076327152241272,0.04734942599578442
0.30193405151367186,0.02198979056099438,0.004621648788452148,0.0010486485177744367,1.0,0.05,7,300,1,1.0,"{'model__colsample_bytree': 1.0, 'model__learning_rate': 0.05, 'model__max_depth': 7, 'model__n_estimators': 300, 'model__reg_lambda': 1, 'model__subsample': 1.0}",-2.9941848379417406,-3.0931044332988438,-3.132489926282862,-3.0539613826559724,-3.109634929056826,-3.0766751018472487,0.0485636169310121,207,-0.24134008672808602,-0.23076742071521303,-0.29364144814050885,-0.28907718018184936,-0.2611337439568579,-0.26319197594450305,0.02502122026793765,3.0766751018472487,0.0485636169310121
0.19780893325805665,0.017574577890490706,0.004970932006835937,0.001076729204276731,1.0,0.1,7,200,1,1.0,"{'model__colsample_bytree': 1.0, 'model__learning_rate': 0.1, 'model__max_depth': 7, 'model__n_estimators': 200, 'model__reg_lambda': 1, 'model__subsample': 1.0}",-3.0121754120581756,-3.0526648480386354,-3.0698524339631006,-3.0567918360479815,-3.2021633478291993,-3.078729575587418,0.06466032925159551,208,-0.12250476704149763,-0.10064699681403927,-0.12255277223709281,-0.15649136090404409,-0.12491350139818004,-0.12542187967897075,0.017866769471258,3.078729575587418,0.06466032925159551
0.2308441162109375,0.043552813859816554,0.0037045001983642576,0.00045145340565943285,1.0,0.1,7,300,5,1.0,"{'model__colsample_bytree': 1.0, 'model__learning_rate': 0.1, 'model__max_depth': 7, 'model__n_estimators': 300, 'model__reg_lambda': 5, 'model__subsample': 1.0}",-2.9929753120667364,-3.0919240725801953,-3.06049663413605,-3.085122778078005,-3.1807619831685163,-3.0822561560059007,0.060414617443921334,209,-0.09666691991994014,-0.0881488074816632,-0.10330692361713946,-0.11857728529928617,-0.09317832764256444,-0.09997565279211869,0.010527523067151028,3.0822561560059007,0.060414617443921334
0.2466581344604492,0.034342482662580304,0.004632711410522461,0.0012593668451452418,1.0,0.1,7,300,1,1.0,"{'model__colsample_bytree': 1.0, 'model__learning_rate': 0.1, 'model__max_depth': 7, 'model__n_estimators': 300, 'model__reg_lambda': 1, 'model__subsample': 1.0}",-3.024440648181369,-3.058861967771719,-3.0784480764209574,-3.066331588346285,-3.210010582418379,-3.087618572627742,0.06377370966356918,210,-0.03234524832294564,-0.028484070303915927,-0.029985925123551464,-0.04080969637015085,-0.03319692816710372,-0.03296437365753352,0.004264522483349717,3.087618572627742,0.06377370966356918
0.12360219955444336,0.010490062328742443,0.005750703811645508,0.004670634806163004,0.7,0.1,5,300,5,1.0,"{'model__colsample_bytree': 0.7, 'model__learning_rate': 0.1, 'model__max_depth': 5, 'model__n_estimators': 300, 'model__reg_lambda': 5, 'model__subsample': 1.0}",-3.060582755703658,-3.0893471674918844,-3.083584106362083,-3.054402301960162,-3.1652211830274117,-3.0906275029090393,0.039573773703608275,211,-0.5545233413045931,-0.5810370211468933,-0.5852909164299468,-0.626151956236773,-0.5462857740450702,-0.5786578018326554,0.0280562790278005,3.0906275029090393,0.039573773703608275
0.10543909072875976,0.011082716209531576,0.005062532424926758,0.0019124759803241253,1.0,0.1,5,200,1,0.7,"{'model__colsample_bytree': 1.0, 'model__learning_rate': 0.1, 'model__max_depth': 5, 'model__n_estimators': 200, 'model__reg_lambda': 1, 'model__subsample': 0.7}",-3.0997799010425444,-3.0623288351935565,-3.1709293356324904,-3.0731845575296144,-3.1178029374233103,-3.104805113364303,0.03839453794032064,212,-0.4580560015691231,-0.4709661644487936,-0.465397323878442,-0.48128882878064794,-0.46951424404001735,-0.46904451254340473,0.00758796458125304,3.104805113364303,0.03839453794032064
0.1362672805786133,0.026906930873225376,0.0053974628448486325,0.0022498467650112534,1.0,0.1,5,300,1,1.0,"{'model__colsample_bytree': 1.0, 'model__learning_rate': 0.1, 'model__max_depth': 5, 'model__n_estimators': 300, 'model__reg_lambda': 1, 'model__subsample': 1.0}",-3.0558413973239533,-3.0987359373115932,-3.1698732626951016,-3.0345370040471598,-3.1940022100968637,-3.1105979622949342,0.06228015446774693,213,-0.31061464146517204,-0.2964162106150781,-0.31697570324734803,-0.3056836894443057,-0.3268265243200625,-0.31130335381839325,0.01026475869766979,3.1105979622949342,0.06228015446774693
0.12942495346069335,0.008236107567322666,0.004464054107666015,0.0017255196722670131,0.7,0.1,5,300,1,0.7,"{'model__colsample_bytree': 0.7, 'model__learning_rate': 0.1, 'model__max_depth': 5, 'model__n_estimators': 300, 'model__reg_lambda': 1, 'model__subsample': 0.7}",-3.169426175955917,-3.057250308800165,-3.1020930186575417,-3.104628481886539,-3.165050046580269,-3.1196896063760864,0.04234722928619325,214,-0.26176837244939716,-0.2761801858924002,-0.26896826172080457,-0.27813947261918714,-0.2693547714373642,-0.2708822128238307,0.0058274301498534515,3.1196896063760864,0.04234722928619325
0.11461734771728516,0.01870828049920963,0.005555200576782227,0.0021378209556047684,0.7,0.1,5,300,5,0.7,"{'model__colsample_bytree': 0.7, 'model__learning_rate': 0.1, 'model__max_depth': 5, 'model__n_estimators': 300, 'model__reg_lambda': 5, 'model__subsample': 0.7}",-3.124888780766931,-3.0691770748526555,-3.099704779758645,-3.1001661855219305,-3.244723388893111,-3.1277320419586543,0.06110506923659533,215,-0.42151486420377826,-0.45236086586890223,-0.42436698606113915,-0.41161485928599567,-0.4176392681925764,-0.42549936872247834,0.01409439163873718,3.1277320419586543,0.06110506923659533
0.17081794738769532,0.011049279644760124,0.0047271728515625,0.0023128301046835896,1.0,0.1,5,300,1,0.7,"{'model__colsample_bytree': 1.0, 'model__learning_rate': 0.1, 'model__max_depth': 5, 'model__n_estimators': 300, 'model__reg_lambda': 1, 'model__subsample': 0.7}",-3.122349518630459,-3.0887743489088035,-3.2273829652193355,-3.0983474477767943,-3.1404339026212487,-3.1354576366313283,0.04940313246372839,216,-0.20986677474210128,-0.21728920169923344,-0.21599660155127182,-0.22243140242723292,-0.21549537296431334,-0.2162158706768306,0.004016543028911155,3.1354576366313283,0.04940313246372839
